SongTitle,ArtistName,NonOvernightReplays,StationReplays,MarketReplays,BreakoutName,BreakoutMetric1,BreakoutMetric2,BreakoutMetric3,BreakoutMetric4,BreakoutMetric5,BreakoutMetric6,BreakoutMetric7,BreakoutMetric8,BreakoutMetric9
34+35,GRANDE  ARIANA,2542,3435,6687,BreakoutName1,4,14,31,11,18,22,57,59,68
34+35,GRANDE  ARIANA,2542,3435,6687,BreakoutName2,0,5,40,10,18,28,64,64,78
34+35,GRANDE  ARIANA,2542,3435,6687,BreakoutName3,0,10,30,15,20,25,65,65,78
34+35,GRANDE  ARIANA,2542,3435,6687,BreakoutName4,6,17,33,10,15,19,49,52,59
34+35,GRANDE  ARIANA,2542,3435,6687,BreakoutName5,2,12,35,13,17,21,56,57,66
34+35,GRANDE  ARIANA,2542,3435,6687,BreakoutName6,7,18,25,7,18,25,59,63,71
34+35,GRANDE  ARIANA,2542,3435,6687,BreakoutName7,3,10,40,13,17,17,48,50,57
34+35,GRANDE  ARIANA,2542,3435,6687,BreakoutName8,7,18,25,7,18,25,59,63,71
34+35,GRANDE  ARIANA,2542,3435,6687,BreakoutName8,5,14,33,10,17,21,53,56,64
34+35,GRANDE  ARIANA,2542,3435,6687,BreakoutName9,2,9,33,16,16,23,59,61,71
34+35,GRANDE  ARIANA,2542,3435,6687,BreakoutName10,4,24,24,12,20,16,50,52,58
34+35,GRANDE  ARIANA,2542,3435,6687,BreakoutName11,0,14,27,14,18,27,66,66,80
34+35,GRANDE  ARIANA,2542,3435,6687,BreakoutName12,5,16,25,13,18,22,57,61,68
34+35,GRANDE  ARIANA,2542,3435,6687,BreakoutName13,0,0,33,13,20,33,77,77,93
34+35,GRANDE  ARIANA,2542,3435,6687,BreakoutName14,2,11,39,4,17,26,59,60,72
34+35,GRANDE  ARIANA,2542,3435,6687,BreakoutName15,4,12,46,4,19,15,44,46,52
34+35,GRANDE  ARIANA,2542,3435,6687,BreakoutName16,3,10,29,3,19,35,74,77,92
34+35,GRANDE  ARIANA,2542,3435,6687,BreakoutName17,0,17,30,7,30,17,58,58,67
34+35,GRANDE  ARIANA,2542,3435,6687,BreakoutName18,0,6,47,6,24,18,53,53,62
34+35,GRANDE  ARIANA,2542,3435,6687,BreakoutName19,0,14,18,14,18,36,80,80,98
34+35,GRANDE  ARIANA,2542,3435,6687,BreakoutName20,0,13,13,20,20,33,80,80,97
34+35,GRANDE  ARIANA,2542,3435,6687,BreakoutName21,4,14,31,11,18,22,57,59,68
Adore You,STYLES  HARRY,3125,4339,13423,BreakoutName1,0,11,22,16,32,18,67,67,76
Adore You,STYLES  HARRY,3125,4339,13423,BreakoutName2,0,12,20,20,38,10,62,62,68
Adore You,STYLES  HARRY,3125,4339,13423,BreakoutName3,0,15,15,25,35,10,62,62,68
Adore You,STYLES  HARRY,3125,4339,13423,BreakoutName4,0,10,27,15,27,21,66,66,77
Adore You,STYLES  HARRY,3125,4339,13423,BreakoutName5,0,8,27,17,31,17,65,65,74
Adore You,STYLES  HARRY,3125,4339,13423,BreakoutName6,0,18,14,14,36,18,70,70,79
Adore You,STYLES  HARRY,3125,4339,13423,BreakoutName7,0,7,27,20,27,20,67,67,77
Adore You,STYLES  HARRY,3125,4339,13423,BreakoutName8,0,18,14,14,36,18,70,70,79
Adore You,STYLES  HARRY,3125,4339,13423,BreakoutName8,0,12,21,17,31,19,68,68,78
Adore You,STYLES  HARRY,3125,4339,13423,BreakoutName9,0,5,23,21,33,19,71,71,80
Adore You,STYLES  HARRY,3125,4339,13423,BreakoutName10,0,16,32,8,24,20,58,58,68
Adore You,STYLES  HARRY,3125,4339,13423,BreakoutName11,0,9,27,14,36,14,64,64,70
Adore You,STYLES  HARRY,3125,4339,13423,BreakoutName12,0,11,25,16,29,18,65,65,74
Adore You,STYLES  HARRY,3125,4339,13423,BreakoutName13,0,13,27,27,33,0,47,47,47
Adore You,STYLES  HARRY,3125,4339,13423,BreakoutName14,0,15,30,15,26,13,53,53,60
Adore You,STYLES  HARRY,3125,4339,13423,BreakoutName15,0,12,35,15,19,19,56,56,65
Adore You,STYLES  HARRY,3125,4339,13423,BreakoutName16,0,19,23,19,29,10,53,53,58
Adore You,STYLES  HARRY,3125,4339,13423,BreakoutName17,0,13,27,20,30,10,55,55,60
Adore You,STYLES  HARRY,3125,4339,13423,BreakoutName18,0,6,24,29,41,0,56,56,56
Adore You,STYLES  HARRY,3125,4339,13423,BreakoutName19,0,14,23,23,32,9,57,57,61
Adore You,STYLES  HARRY,3125,4339,13423,BreakoutName20,0,20,27,7,40,7,53,53,57
Adore You,STYLES  HARRY,3125,4339,13423,BreakoutName21,0,11,22,16,32,18,67,67,76
Arcade,LAURENCE  DUNCAN,1262,1785,2966,BreakoutName1,4,9,19,18,34,18,69,71,78
Arcade,LAURENCE  DUNCAN,1262,1785,2966,BreakoutName2,2,10,25,18,28,18,62,64,71
Arcade,LAURENCE  DUNCAN,1262,1785,2966,BreakoutName3,0,10,20,15,40,15,70,70,78
Arcade,LAURENCE  DUNCAN,1262,1785,2966,BreakoutName4,6,8,13,19,35,19,73,78,83
Arcade,LAURENCE  DUNCAN,1262,1785,2966,BreakoutName5,6,8,19,17,29,21,69,73,80
Arcade,LAURENCE  DUNCAN,1262,1785,2966,BreakoutName6,0,11,18,18,43,11,68,68,73
Arcade,LAURENCE  DUNCAN,1262,1785,2966,BreakoutName7,7,10,17,23,20,23,67,71,78
Arcade,LAURENCE  DUNCAN,1262,1785,2966,BreakoutName8,0,11,18,18,43,11,68,68,73
Arcade,LAURENCE  DUNCAN,1262,1785,2966,BreakoutName8,3,10,17,21,31,17,67,70,76
Arcade,LAURENCE  DUNCAN,1262,1785,2966,BreakoutName9,7,7,19,16,28,23,71,76,83
Arcade,LAURENCE  DUNCAN,1262,1785,2966,BreakoutName10,4,4,16,12,48,16,78,81,86
Arcade,LAURENCE  DUNCAN,1262,1785,2966,BreakoutName11,5,5,23,9,41,18,73,76,82
Arcade,LAURENCE  DUNCAN,1262,1785,2966,BreakoutName12,4,7,15,16,40,18,75,78,85
Arcade,LAURENCE  DUNCAN,1262,1785,2966,BreakoutName13,0,7,20,13,40,20,77,77,87
Arcade,LAURENCE  DUNCAN,1262,1785,2966,BreakoutName14,4,11,24,11,30,20,65,68,75
Arcade,LAURENCE  DUNCAN,1262,1785,2966,BreakoutName15,8,4,23,15,27,23,69,75,81
Arcade,LAURENCE  DUNCAN,1262,1785,2966,BreakoutName16,3,13,29,13,26,16,56,58,65
Arcade,LAURENCE  DUNCAN,1262,1785,2966,BreakoutName17,0,7,23,17,40,13,68,68,75
Arcade,LAURENCE  DUNCAN,1262,1785,2966,BreakoutName18,0,6,18,24,35,18,74,74,82
Arcade,LAURENCE  DUNCAN,1262,1785,2966,BreakoutName19,0,14,18,23,36,9,61,61,66
Arcade,LAURENCE  DUNCAN,1262,1785,2966,BreakoutName20,0,13,27,7,27,27,70,70,83
Arcade,LAURENCE  DUNCAN,1262,1785,2966,BreakoutName21,4,9,19,18,34,18,69,71,78
Bad Habits,SHEERAN  ED,754,1090,3314,BreakoutName1,8,18,14,15,20,26,67,72,80
Bad Habits,SHEERAN  ED,754,1090,3314,BreakoutName2,10,12,8,12,22,35,81,90,99
Bad Habits,SHEERAN  ED,754,1090,3314,BreakoutName3,20,10,25,5,15,25,55,69,68
Bad Habits,SHEERAN  ED,754,1090,3314,BreakoutName4,4,21,10,17,21,27,70,73,84
Bad Habits,SHEERAN  ED,754,1090,3314,BreakoutName5,10,17,15,13,19,25,63,70,76
Bad Habits,SHEERAN  ED,754,1090,3314,BreakoutName6,4,18,11,18,21,29,73,76,88
Bad Habits,SHEERAN  ED,754,1090,3314,BreakoutName7,13,20,10,13,20,23,62,71,73
Bad Habits,SHEERAN  ED,754,1090,3314,BreakoutName8,4,18,11,18,21,29,73,76,88
Bad Habits,SHEERAN  ED,754,1090,3314,BreakoutName8,9,19,10,16,21,26,67,74,80
Bad Habits,SHEERAN  ED,754,1090,3314,BreakoutName9,9,16,12,14,23,26,69,76,81
Bad Habits,SHEERAN  ED,754,1090,3314,BreakoutName10,4,24,24,12,24,12,48,50,54
Bad Habits,SHEERAN  ED,754,1090,3314,BreakoutName11,5,14,23,14,18,27,66,69,80
Bad Habits,SHEERAN  ED,754,1090,3314,BreakoutName12,5,16,16,16,18,27,67,71,81
Bad Habits,SHEERAN  ED,754,1090,3314,BreakoutName13,7,0,7,13,20,53,107,114,133
Bad Habits,SHEERAN  ED,754,1090,3314,BreakoutName14,7,22,15,9,20,28,66,71,80
Bad Habits,SHEERAN  ED,754,1090,3314,BreakoutName15,12,15,15,4,23,31,71,80,87
Bad Habits,SHEERAN  ED,754,1090,3314,BreakoutName16,3,23,16,10,16,32,69,72,85
Bad Habits,SHEERAN  ED,754,1090,3314,BreakoutName17,10,13,10,10,27,30,77,85,92
Bad Habits,SHEERAN  ED,754,1090,3314,BreakoutName18,18,6,6,12,18,41,85,104,106
Bad Habits,SHEERAN  ED,754,1090,3314,BreakoutName19,5,14,9,18,18,36,82,86,100
Bad Habits,SHEERAN  ED,754,1090,3314,BreakoutName20,0,20,13,13,13,40,80,80,100
Bad Habits,SHEERAN  ED,754,1090,3314,BreakoutName21,8,18,14,15,20,26,67,72,80
Before You Go,CAPALDI  LEWIS,3417,4650,11694,BreakoutName1,1,12,25,15,19,28,68,68,81
Before You Go,CAPALDI  LEWIS,3417,4650,11694,BreakoutName2,0,12,20,20,20,28,71,71,85
Before You Go,CAPALDI  LEWIS,3417,4650,11694,BreakoutName3,0,15,20,30,20,15,58,58,65
Before You Go,CAPALDI  LEWIS,3417,4650,11694,BreakoutName4,2,13,23,10,17,35,74,75,91
Before You Go,CAPALDI  LEWIS,3417,4650,11694,BreakoutName5,0,15,23,13,17,31,70,70,86
Before You Go,CAPALDI  LEWIS,3417,4650,11694,BreakoutName6,4,7,29,18,21,21,62,65,73
Before You Go,CAPALDI  LEWIS,3417,4650,11694,BreakoutName7,0,20,23,10,20,27,65,65,78
Before You Go,CAPALDI  LEWIS,3417,4650,11694,BreakoutName8,4,7,29,18,21,21,62,65,73
Before You Go,CAPALDI  LEWIS,3417,4650,11694,BreakoutName8,2,14,26,14,21,24,64,65,76
Before You Go,CAPALDI  LEWIS,3417,4650,11694,BreakoutName9,0,16,23,14,16,30,69,69,84
Before You Go,CAPALDI  LEWIS,3417,4650,11694,BreakoutName10,0,12,40,0,20,28,62,62,76
Before You Go,CAPALDI  LEWIS,3417,4650,11694,BreakoutName11,0,9,23,18,14,36,77,77,95
Before You Go,CAPALDI  LEWIS,3417,4650,11694,BreakoutName12,2,11,27,16,22,22,63,64,74
Before You Go,CAPALDI  LEWIS,3417,4650,11694,BreakoutName13,0,7,20,33,33,7,60,60,63
Before You Go,CAPALDI  LEWIS,3417,4650,11694,BreakoutName14,0,9,30,9,20,33,73,73,89
Before You Go,CAPALDI  LEWIS,3417,4650,11694,BreakoutName15,0,4,27,4,31,35,85,85,102
Before You Go,CAPALDI  LEWIS,3417,4650,11694,BreakoutName16,0,10,26,10,19,35,77,77,95
Before You Go,CAPALDI  LEWIS,3417,4650,11694,BreakoutName17,0,7,30,17,30,17,63,63,72
Before You Go,CAPALDI  LEWIS,3417,4650,11694,BreakoutName18,0,0,24,29,29,18,71,71,79
Before You Go,CAPALDI  LEWIS,3417,4650,11694,BreakoutName19,0,5,18,18,23,36,86,86,105
Before You Go,CAPALDI  LEWIS,3417,4650,11694,BreakoutName20,0,13,27,13,20,27,67,67,80
Before You Go,CAPALDI  LEWIS,3417,4650,11694,BreakoutName21,1,12,25,15,19,28,68,68,81
Beggin,MANESKIN,166,245,848,BreakoutName1,6,8,8,6,40,32,92,98,108
Beggin,MANESKIN,166,245,848,BreakoutName2,2,2,8,8,42,38,102,105,121
Beggin,MANESKIN,166,245,848,BreakoutName3,0,15,10,5,35,35,90,90,108
Beggin,MANESKIN,166,245,848,BreakoutName4,8,4,8,8,40,33,93,101,110
Beggin,MANESKIN,166,245,848,BreakoutName5,2,10,10,6,35,38,95,97,114
Beggin,MANESKIN,166,245,848,BreakoutName6,14,4,4,7,50,21,86,100,96
Beggin,MANESKIN,166,245,848,BreakoutName7,0,13,10,7,20,50,98,98,123
Beggin,MANESKIN,166,245,848,BreakoutName8,14,4,4,7,50,21,86,100,96
Beggin,MANESKIN,166,245,848,BreakoutName8,7,9,7,7,34,36,92,99,110
Beggin,MANESKIN,166,245,848,BreakoutName9,2,12,7,7,28,44,98,100,120
Beggin,MANESKIN,166,245,848,BreakoutName10,8,8,4,4,44,32,94,102,110
Beggin,MANESKIN,166,245,848,BreakoutName11,5,5,9,5,55,23,91,95,102
Beggin,MANESKIN,166,245,848,BreakoutName12,9,9,7,5,40,29,86,95,101
Beggin,MANESKIN,166,245,848,BreakoutName13,7,0,7,7,47,33,100,107,117
Beggin,MANESKIN,166,245,848,BreakoutName14,4,4,4,2,43,41,107,111,127
Beggin,MANESKIN,166,245,848,BreakoutName15,4,8,0,4,38,46,110,114,133
Beggin,MANESKIN,166,245,848,BreakoutName16,3,6,6,3,45,35,100,103,118
Beggin,MANESKIN,166,245,848,BreakoutName17,3,3,3,3,50,37,107,110,125
Beggin,MANESKIN,166,245,848,BreakoutName18,0,0,6,0,59,35,112,112,129
Beggin,MANESKIN,166,245,848,BreakoutName19,5,5,0,5,55,32,105,110,120
Beggin,MANESKIN,166,245,848,BreakoutName20,13,0,13,7,33,33,87,100,103
Beggin,MANESKIN,166,245,848,BreakoutName21,6,8,8,6,40,32,92,98,108
Better Now,POST MALONE,3132,4198,12670,BreakoutName1,1,9,22,10,36,21,73,74,84
Better Now,POST MALONE,3132,4198,12670,BreakoutName2,0,15,18,8,35,25,76,76,89
Better Now,POST MALONE,3132,4198,12670,BreakoutName3,0,5,25,10,50,10,70,70,75
Better Now,POST MALONE,3132,4198,12670,BreakoutName4,2,12,19,8,33,27,77,78,90
Better Now,POST MALONE,3132,4198,12670,BreakoutName5,0,6,27,8,37,23,75,75,87
Better Now,POST MALONE,3132,4198,12670,BreakoutName6,4,14,14,14,36,18,70,72,79
Better Now,POST MALONE,3132,4198,12670,BreakoutName7,0,10,23,7,30,30,78,78,93
Better Now,POST MALONE,3132,4198,12670,BreakoutName8,4,14,14,14,36,18,70,72,79
Better Now,POST MALONE,3132,4198,12670,BreakoutName8,2,12,19,10,33,24,74,75,86
Better Now,POST MALONE,3132,4198,12670,BreakoutName9,0,7,26,7,33,28,78,78,92
Better Now,POST MALONE,3132,4198,12670,BreakoutName10,0,0,28,12,48,12,72,72,78
Better Now,POST MALONE,3132,4198,12670,BreakoutName11,0,0,32,9,45,14,70,70,77
Better Now,POST MALONE,3132,4198,12670,BreakoutName12,2,5,25,11,38,18,71,72,80
Better Now,POST MALONE,3132,4198,12670,BreakoutName13,0,13,20,7,40,20,73,73,83
Better Now,POST MALONE,3132,4198,12670,BreakoutName14,0,7,22,9,39,24,79,79,91
Better Now,POST MALONE,3132,4198,12670,BreakoutName15,0,8,23,12,35,23,75,75,87
Better Now,POST MALONE,3132,4198,12670,BreakoutName16,0,6,26,3,42,23,77,77,89
Better Now,POST MALONE,3132,4198,12670,BreakoutName17,0,10,23,7,43,17,72,72,80
Better Now,POST MALONE,3132,4198,12670,BreakoutName18,0,18,18,12,29,24,71,71,82
Better Now,POST MALONE,3132,4198,12670,BreakoutName19,0,18,9,5,36,32,86,86,102
Better Now,POST MALONE,3132,4198,12670,BreakoutName20,0,7,20,13,47,13,73,73,80
Better Now,POST MALONE,3132,4198,12670,BreakoutName21,1,9,22,10,36,21,73,74,84
Blinding Lights,THE WEEKND,4384,5929,23065,BreakoutName1,1,9,24,14,34,19,69,70,78
Blinding Lights,THE WEEKND,4384,5929,23065,BreakoutName2,2,10,20,18,30,20,69,71,79
Blinding Lights,THE WEEKND,4384,5929,23065,BreakoutName3,0,15,30,15,25,15,55,55,62
Blinding Lights,THE WEEKND,4384,5929,23065,BreakoutName4,2,6,21,12,38,21,76,77,87
Blinding Lights,THE WEEKND,4384,5929,23065,BreakoutName5,0,10,33,13,25,19,61,61,70
Blinding Lights,THE WEEKND,4384,5929,23065,BreakoutName6,4,7,7,14,50,18,84,87,93
Blinding Lights,THE WEEKND,4384,5929,23065,BreakoutName7,0,10,27,13,30,20,67,67,77
Blinding Lights,THE WEEKND,4384,5929,23065,BreakoutName8,4,7,7,14,50,18,84,87,93
Blinding Lights,THE WEEKND,4384,5929,23065,BreakoutName8,2,9,17,14,40,19,75,76,84
Blinding Lights,THE WEEKND,4384,5929,23065,BreakoutName9,0,9,30,12,28,21,65,65,76
Blinding Lights,THE WEEKND,4384,5929,23065,BreakoutName10,0,8,32,4,36,20,68,68,78
Blinding Lights,THE WEEKND,4384,5929,23065,BreakoutName11,0,9,41,14,18,18,52,52,61
Blinding Lights,THE WEEKND,4384,5929,23065,BreakoutName12,2,9,27,15,33,15,62,63,69
Blinding Lights,THE WEEKND,4384,5929,23065,BreakoutName13,7,13,27,27,20,7,43,46,47
Blinding Lights,THE WEEKND,4384,5929,23065,BreakoutName14,2,9,28,11,28,22,66,68,77
Blinding Lights,THE WEEKND,4384,5929,23065,BreakoutName15,4,12,31,15,23,15,54,56,62
Blinding Lights,THE WEEKND,4384,5929,23065,BreakoutName16,3,6,29,10,26,26,69,72,82
Blinding Lights,THE WEEKND,4384,5929,23065,BreakoutName17,3,10,30,13,30,13,57,59,63
Blinding Lights,THE WEEKND,4384,5929,23065,BreakoutName18,6,6,29,18,29,12,56,59,62
Blinding Lights,THE WEEKND,4384,5929,23065,BreakoutName19,5,0,27,9,50,9,68,71,73
Blinding Lights,THE WEEKND,4384,5929,23065,BreakoutName20,0,0,27,20,33,20,73,73,83
Blinding Lights,THE WEEKND,4384,5929,23065,BreakoutName21,1,9,24,14,34,19,69,70,78
Break My Heart,LIPA  DUA,1898,2629,6437,BreakoutName1,8,6,21,16,29,20,67,72,77
Break My Heart,LIPA  DUA,1898,2629,6437,BreakoutName2,5,5,20,12,35,22,75,79,86
Break My Heart,LIPA  DUA,1898,2629,6437,BreakoutName3,5,10,25,15,45,0,52,55,52
Break My Heart,LIPA  DUA,1898,2629,6437,BreakoutName4,8,6,17,19,21,29,74,80,88
Break My Heart,LIPA  DUA,1898,2629,6437,BreakoutName5,10,6,27,15,25,17,59,65,67
Break My Heart,LIPA  DUA,1898,2629,6437,BreakoutName6,4,7,11,18,36,25,82,85,95
Break My Heart,LIPA  DUA,1898,2629,6437,BreakoutName7,10,7,27,10,20,27,65,72,78
Break My Heart,LIPA  DUA,1898,2629,6437,BreakoutName8,4,7,11,18,36,25,82,85,95
Break My Heart,LIPA  DUA,1898,2629,6437,BreakoutName8,7,7,19,14,28,26,73,79,86
Break My Heart,LIPA  DUA,1898,2629,6437,BreakoutName9,12,7,28,12,21,21,58,66,69
Break My Heart,LIPA  DUA,1898,2629,6437,BreakoutName10,4,0,24,12,32,28,80,83,94
Break My Heart,LIPA  DUA,1898,2629,6437,BreakoutName11,9,5,27,23,32,5,50,55,52
Break My Heart,LIPA  DUA,1898,2629,6437,BreakoutName12,7,5,22,18,31,16,65,70,73
Break My Heart,LIPA  DUA,1898,2629,6437,BreakoutName13,0,0,20,13,53,13,80,80,87
Break My Heart,LIPA  DUA,1898,2629,6437,BreakoutName14,4,2,24,11,39,20,74,77,84
Break My Heart,LIPA  DUA,1898,2629,6437,BreakoutName15,0,0,31,19,31,19,69,69,79
Break My Heart,LIPA  DUA,1898,2629,6437,BreakoutName16,3,3,13,13,48,19,84,87,94
Break My Heart,LIPA  DUA,1898,2629,6437,BreakoutName17,3,3,10,13,53,17,85,88,93
Break My Heart,LIPA  DUA,1898,2629,6437,BreakoutName18,0,6,6,12,65,12,88,88,94
Break My Heart,LIPA  DUA,1898,2629,6437,BreakoutName19,9,0,14,9,41,27,86,95,100
Break My Heart,LIPA  DUA,1898,2629,6437,BreakoutName20,13,0,20,13,27,27,73,85,87
Break My Heart,LIPA  DUA,1898,2629,6437,BreakoutName21,8,6,21,16,29,20,67,72,77
Circles,POST MALONE,4043,5615,17742,BreakoutName1,2,9,21,16,34,18,68,70,77
Circles,POST MALONE,4043,5615,17742,BreakoutName2,5,10,22,10,22,30,72,76,88
Circles,POST MALONE,4043,5615,17742,BreakoutName3,5,10,20,30,30,5,52,55,55
Circles,POST MALONE,4043,5615,17742,BreakoutName4,2,10,19,13,35,21,73,75,84
Circles,POST MALONE,4043,5615,17742,BreakoutName5,2,10,21,15,35,17,68,70,77
Circles,POST MALONE,4043,5615,17742,BreakoutName6,4,7,21,18,32,18,68,70,77
Circles,POST MALONE,4043,5615,17742,BreakoutName7,3,13,17,13,33,20,70,72,80
Circles,POST MALONE,4043,5615,17742,BreakoutName8,4,7,21,18,32,18,68,70,77
Circles,POST MALONE,4043,5615,17742,BreakoutName8,3,10,19,16,33,19,69,71,78
Circles,POST MALONE,4043,5615,17742,BreakoutName9,2,9,21,16,33,19,69,70,78
Circles,POST MALONE,4043,5615,17742,BreakoutName10,0,4,28,16,48,4,62,62,64
Circles,POST MALONE,4043,5615,17742,BreakoutName11,0,5,27,18,36,14,66,66,73
Circles,POST MALONE,4043,5615,17742,BreakoutName12,2,5,22,22,42,7,64,65,67
Circles,POST MALONE,4043,5615,17742,BreakoutName13,7,0,27,20,33,13,63,68,70
Circles,POST MALONE,4043,5615,17742,BreakoutName14,2,7,24,13,30,24,73,74,85
Circles,POST MALONE,4043,5615,17742,BreakoutName15,0,0,27,8,38,27,83,83,96
Circles,POST MALONE,4043,5615,17742,BreakoutName16,3,10,19,16,29,23,71,73,82
Circles,POST MALONE,4043,5615,17742,BreakoutName17,0,0,37,10,43,10,63,63,68
Circles,POST MALONE,4043,5615,17742,BreakoutName18,0,0,29,12,41,18,74,74,82
Circles,POST MALONE,4043,5615,17742,BreakoutName19,5,5,18,18,45,9,68,71,73
Circles,POST MALONE,4043,5615,17742,BreakoutName20,13,7,20,13,27,20,63,73,73
Circles,POST MALONE,4043,5615,17742,BreakoutName21,2,9,21,16,34,18,68,70,77
deja vu,RODRIGO  OLIVIA,1669,2245,5316,BreakoutName1,2,8,15,18,36,21,77,79,88
deja vu,RODRIGO  OLIVIA,1669,2245,5316,BreakoutName2,2,10,10,15,35,28,84,86,98
deja vu,RODRIGO  OLIVIA,1669,2245,5316,BreakoutName3,0,5,5,15,60,15,90,90,98
deja vu,RODRIGO  OLIVIA,1669,2245,5316,BreakoutName4,4,8,15,19,31,23,75,78,87
deja vu,RODRIGO  OLIVIA,1669,2245,5316,BreakoutName5,2,6,17,17,31,27,80,81,93
deja vu,RODRIGO  OLIVIA,1669,2245,5316,BreakoutName6,4,11,11,18,46,11,71,74,77
deja vu,RODRIGO  OLIVIA,1669,2245,5316,BreakoutName7,3,7,13,10,33,33,88,91,105
deja vu,RODRIGO  OLIVIA,1669,2245,5316,BreakoutName8,4,11,11,18,46,11,71,74,77
deja vu,RODRIGO  OLIVIA,1669,2245,5316,BreakoutName8,3,9,12,14,40,22,80,83,91
deja vu,RODRIGO  OLIVIA,1669,2245,5316,BreakoutName9,2,5,14,14,33,33,88,90,105
deja vu,RODRIGO  OLIVIA,1669,2245,5316,BreakoutName10,4,8,24,12,40,12,64,67,70
deja vu,RODRIGO  OLIVIA,1669,2245,5316,BreakoutName11,0,5,23,27,27,18,68,68,77
deja vu,RODRIGO  OLIVIA,1669,2245,5316,BreakoutName12,2,7,18,16,36,20,75,76,85
deja vu,RODRIGO  OLIVIA,1669,2245,5316,BreakoutName13,0,13,13,7,33,33,87,87,103
deja vu,RODRIGO  OLIVIA,1669,2245,5316,BreakoutName14,0,9,20,11,39,22,77,77,88
deja vu,RODRIGO  OLIVIA,1669,2245,5316,BreakoutName15,0,8,23,15,35,19,71,71,81
deja vu,RODRIGO  OLIVIA,1669,2245,5316,BreakoutName16,0,10,19,13,42,16,73,73,81
deja vu,RODRIGO  OLIVIA,1669,2245,5316,BreakoutName17,0,10,20,13,43,13,70,70,77
deja vu,RODRIGO  OLIVIA,1669,2245,5316,BreakoutName18,0,12,18,12,41,18,74,74,82
deja vu,RODRIGO  OLIVIA,1669,2245,5316,BreakoutName19,5,9,9,27,45,5,66,69,68
deja vu,RODRIGO  OLIVIA,1669,2245,5316,BreakoutName20,0,13,7,20,27,33,87,87,103
deja vu,RODRIGO  OLIVIA,1669,2245,5316,BreakoutName21,2,8,15,18,36,21,77,79,88
drivers license,RODRIGO  OLIVIA,1749,2383,5969,BreakoutName1,2,15,10,10,32,30,82,85,98
drivers license,RODRIGO  OLIVIA,1749,2383,5969,BreakoutName2,0,12,15,8,28,38,88,88,106
drivers license,RODRIGO  OLIVIA,1749,2383,5969,BreakoutName3,0,10,10,5,45,30,92,92,108
drivers license,RODRIGO  OLIVIA,1749,2383,5969,BreakoutName4,4,15,8,12,29,33,84,87,100
drivers license,RODRIGO  OLIVIA,1749,2383,5969,BreakoutName5,0,12,10,10,33,37,92,92,111
drivers license,RODRIGO  OLIVIA,1749,2383,5969,BreakoutName6,7,21,11,11,32,18,64,69,73
drivers license,RODRIGO  OLIVIA,1749,2383,5969,BreakoutName7,0,10,10,13,23,43,95,95,117
drivers license,RODRIGO  OLIVIA,1749,2383,5969,BreakoutName8,7,21,11,11,32,18,64,69,73
drivers license,RODRIGO  OLIVIA,1749,2383,5969,BreakoutName8,3,16,10,12,28,31,80,83,96
drivers license,RODRIGO  OLIVIA,1749,2383,5969,BreakoutName9,0,9,9,9,30,42,98,98,119
drivers license,RODRIGO  OLIVIA,1749,2383,5969,BreakoutName10,4,24,4,16,36,16,68,71,76
drivers license,RODRIGO  OLIVIA,1749,2383,5969,BreakoutName11,0,14,9,5,45,27,89,89,102
drivers license,RODRIGO  OLIVIA,1749,2383,5969,BreakoutName12,4,15,7,11,36,27,83,86,96
drivers license,RODRIGO  OLIVIA,1749,2383,5969,BreakoutName13,0,7,13,7,33,40,97,97,117
drivers license,RODRIGO  OLIVIA,1749,2383,5969,BreakoutName14,0,15,11,11,30,33,85,85,101
drivers license,RODRIGO  OLIVIA,1749,2383,5969,BreakoutName15,0,19,4,12,31,35,88,88,106
drivers license,RODRIGO  OLIVIA,1749,2383,5969,BreakoutName16,0,13,16,13,29,29,79,79,94
drivers license,RODRIGO  OLIVIA,1749,2383,5969,BreakoutName17,3,17,10,10,37,23,77,79,88
drivers license,RODRIGO  OLIVIA,1749,2383,5969,BreakoutName18,0,6,18,6,29,41,94,94,115
drivers license,RODRIGO  OLIVIA,1749,2383,5969,BreakoutName19,0,18,9,5,41,27,84,84,98
drivers license,RODRIGO  OLIVIA,1749,2383,5969,BreakoutName20,0,20,7,0,33,40,93,93,113
drivers license,RODRIGO  OLIVIA,1749,2383,5969,BreakoutName21,2,15,10,10,32,30,82,85,98
good 4 u,RODRIGO  OLIVIA,1610,2131,5296,BreakoutName1,4,8,20,11,32,25,76,79,88
good 4 u,RODRIGO  OLIVIA,1610,2131,5296,BreakoutName2,5,5,18,12,30,30,81,86,96
good 4 u,RODRIGO  OLIVIA,1610,2131,5296,BreakoutName3,0,10,10,15,55,10,78,78,82
good 4 u,RODRIGO  OLIVIA,1610,2131,5296,BreakoutName4,6,6,21,12,27,29,76,81,90
good 4 u,RODRIGO  OLIVIA,1610,2131,5296,BreakoutName5,2,10,21,12,31,25,74,75,87
good 4 u,RODRIGO  OLIVIA,1610,2131,5296,BreakoutName6,7,4,18,11,36,25,79,85,91
good 4 u,RODRIGO  OLIVIA,1610,2131,5296,BreakoutName7,0,17,20,13,30,20,67,67,77
good 4 u,RODRIGO  OLIVIA,1610,2131,5296,BreakoutName8,7,4,18,11,36,25,79,85,91
good 4 u,RODRIGO  OLIVIA,1610,2131,5296,BreakoutName8,3,10,19,12,33,22,72,75,84
good 4 u,RODRIGO  OLIVIA,1610,2131,5296,BreakoutName9,2,12,21,9,28,28,74,76,88
good 4 u,RODRIGO  OLIVIA,1610,2131,5296,BreakoutName10,0,12,20,4,44,20,76,76,86
good 4 u,RODRIGO  OLIVIA,1610,2131,5296,BreakoutName11,5,0,23,9,32,32,84,88,100
good 4 u,RODRIGO  OLIVIA,1610,2131,5296,BreakoutName12,4,7,22,9,35,24,75,77,86
good 4 u,RODRIGO  OLIVIA,1610,2131,5296,BreakoutName13,7,0,20,7,33,33,87,93,103
good 4 u,RODRIGO  OLIVIA,1610,2131,5296,BreakoutName14,4,9,22,4,35,26,76,80,89
good 4 u,RODRIGO  OLIVIA,1610,2131,5296,BreakoutName15,4,12,23,8,31,23,69,72,81
good 4 u,RODRIGO  OLIVIA,1610,2131,5296,BreakoutName16,3,6,23,6,35,26,77,80,90
good 4 u,RODRIGO  OLIVIA,1610,2131,5296,BreakoutName17,3,3,23,3,40,27,82,84,95
good 4 u,RODRIGO  OLIVIA,1610,2131,5296,BreakoutName18,6,0,29,6,35,24,74,78,85
good 4 u,RODRIGO  OLIVIA,1610,2131,5296,BreakoutName19,5,0,23,18,41,14,70,74,77
good 4 u,RODRIGO  OLIVIA,1610,2131,5296,BreakoutName20,7,7,13,7,27,40,90,96,110
good 4 u,RODRIGO  OLIVIA,1610,2131,5296,BreakoutName21,4,8,20,11,32,25,76,79,88
Heartless,THE WEEKND,1839,2622,9202,BreakoutName1,10,9,22,12,39,8,56,62,60
Heartless,THE WEEKND,1839,2622,9202,BreakoutName2,8,5,20,10,52,5,65,70,68
Heartless,THE WEEKND,1839,2622,9202,BreakoutName3,15,0,20,0,55,10,70,82,75
Heartless,THE WEEKND,1839,2622,9202,BreakoutName4,10,10,21,19,33,8,54,60,58
Heartless,THE WEEKND,1839,2622,9202,BreakoutName5,12,8,21,13,38,8,57,64,61
Heartless,THE WEEKND,1839,2622,9202,BreakoutName6,7,11,25,11,39,7,55,60,59
Heartless,THE WEEKND,1839,2622,9202,BreakoutName7,17,10,20,23,23,7,45,54,48
Heartless,THE WEEKND,1839,2622,9202,BreakoutName8,7,11,25,11,39,7,55,60,59
Heartless,THE WEEKND,1839,2622,9202,BreakoutName8,12,10,22,17,31,7,50,57,53
Heartless,THE WEEKND,1839,2622,9202,BreakoutName9,12,7,23,16,33,9,55,62,59
Heartless,THE WEEKND,1839,2622,9202,BreakoutName10,8,12,28,16,24,12,50,54,56
Heartless,THE WEEKND,1839,2622,9202,BreakoutName11,5,5,23,0,59,9,73,76,77
Heartless,THE WEEKND,1839,2622,9202,BreakoutName12,11,11,24,15,33,7,51,57,55
Heartless,THE WEEKND,1839,2622,9202,BreakoutName13,7,7,20,13,53,0,60,64,60
Heartless,THE WEEKND,1839,2622,9202,BreakoutName14,7,9,26,9,41,9,59,63,63
Heartless,THE WEEKND,1839,2622,9202,BreakoutName15,8,8,38,12,35,0,40,44,40
Heartless,THE WEEKND,1839,2622,9202,BreakoutName16,6,6,13,6,55,13,77,83,84
Heartless,THE WEEKND,1839,2622,9202,BreakoutName17,3,13,17,13,47,7,63,66,67
Heartless,THE WEEKND,1839,2622,9202,BreakoutName18,0,6,18,12,59,6,74,74,76
Heartless,THE WEEKND,1839,2622,9202,BreakoutName19,9,9,14,9,59,0,64,70,64
Heartless,THE WEEKND,1839,2622,9202,BreakoutName20,20,7,7,13,47,7,63,79,67
Heartless,THE WEEKND,1839,2622,9202,BreakoutName21,10,9,22,12,39,8,56,62,60
Heat Waves,GLASS ANIMALS,508,769,4644,BreakoutName1,12,11,8,19,32,18,68,78,77
Heat Waves,GLASS ANIMALS,508,769,4644,BreakoutName2,15,10,2,18,40,15,71,84,79
Heat Waves,GLASS ANIMALS,508,769,4644,BreakoutName3,20,0,10,25,40,5,60,75,62
Heat Waves,GLASS ANIMALS,508,769,4644,BreakoutName4,12,15,6,15,33,19,69,78,79
Heat Waves,GLASS ANIMALS,508,769,4644,BreakoutName5,15,12,12,15,29,17,62,74,71
Heat Waves,GLASS ANIMALS,508,769,4644,BreakoutName6,7,11,0,25,39,18,79,85,88
Heat Waves,GLASS ANIMALS,508,769,4644,BreakoutName7,20,13,10,13,27,17,58,73,67
Heat Waves,GLASS ANIMALS,508,769,4644,BreakoutName8,7,11,0,25,39,18,79,85,88
Heat Waves,GLASS ANIMALS,508,769,4644,BreakoutName8,14,12,5,19,33,17,68,79,77
Heat Waves,GLASS ANIMALS,508,769,4644,BreakoutName9,16,14,14,12,26,19,59,71,69
Heat Waves,GLASS ANIMALS,508,769,4644,BreakoutName10,8,12,8,32,24,16,64,70,72
Heat Waves,GLASS ANIMALS,508,769,4644,BreakoutName11,9,9,14,18,32,18,68,75,77
Heat Waves,GLASS ANIMALS,508,769,4644,BreakoutName12,13,13,11,18,27,18,64,73,73
Heat Waves,GLASS ANIMALS,508,769,4644,BreakoutName13,20,13,7,13,33,13,60,75,67
Heat Waves,GLASS ANIMALS,508,769,4644,BreakoutName14,15,9,7,22,30,17,67,79,76
Heat Waves,GLASS ANIMALS,508,769,4644,BreakoutName15,19,8,4,27,31,12,62,76,67
Heat Waves,GLASS ANIMALS,508,769,4644,BreakoutName16,13,3,6,23,32,23,77,89,89
Heat Waves,GLASS ANIMALS,508,769,4644,BreakoutName17,13,13,0,17,37,20,75,87,85
Heat Waves,GLASS ANIMALS,508,769,4644,BreakoutName18,24,6,0,18,35,18,71,92,79
Heat Waves,GLASS ANIMALS,508,769,4644,BreakoutName19,9,14,5,23,45,5,64,70,66
Heat Waves,GLASS ANIMALS,508,769,4644,BreakoutName20,7,0,7,27,47,13,80,86,87
Heat Waves,GLASS ANIMALS,508,769,4644,BreakoutName21,12,11,8,19,32,18,68,78,77
Hot Girl Bummer,BLACKBEAR,3609,4962,7367,BreakoutName1,1,8,26,10,32,22,71,72,82
Hot Girl Bummer,BLACKBEAR,3609,4962,7367,BreakoutName2,0,8,15,8,35,35,91,91,109
Hot Girl Bummer,BLACKBEAR,3609,4962,7367,BreakoutName3,0,15,25,5,35,20,68,68,78
Hot Girl Bummer,BLACKBEAR,3609,4962,7367,BreakoutName4,2,6,29,12,29,23,69,71,81
Hot Girl Bummer,BLACKBEAR,3609,4962,7367,BreakoutName5,0,10,27,13,29,21,67,67,78
Hot Girl Bummer,BLACKBEAR,3609,4962,7367,BreakoutName6,4,4,25,4,39,25,79,81,91
Hot Girl Bummer,BLACKBEAR,3609,4962,7367,BreakoutName7,0,7,30,10,33,20,68,68,78
Hot Girl Bummer,BLACKBEAR,3609,4962,7367,BreakoutName8,4,4,25,4,39,25,79,81,91
Hot Girl Bummer,BLACKBEAR,3609,4962,7367,BreakoutName8,2,5,28,7,36,22,73,75,84
Hot Girl Bummer,BLACKBEAR,3609,4962,7367,BreakoutName9,0,9,30,14,26,21,64,64,74
Hot Girl Bummer,BLACKBEAR,3609,4962,7367,BreakoutName10,0,0,36,16,40,8,60,60,64
Hot Girl Bummer,BLACKBEAR,3609,4962,7367,BreakoutName11,0,14,23,18,23,23,66,66,77
Hot Girl Bummer,BLACKBEAR,3609,4962,7367,BreakoutName12,2,7,31,9,31,20,65,67,75
Hot Girl Bummer,BLACKBEAR,3609,4962,7367,BreakoutName13,0,7,13,0,33,47,103,103,127
Hot Girl Bummer,BLACKBEAR,3609,4962,7367,BreakoutName14,0,2,30,7,41,20,74,74,84
Hot Girl Bummer,BLACKBEAR,3609,4962,7367,BreakoutName15,0,0,31,4,46,19,77,77,87
Hot Girl Bummer,BLACKBEAR,3609,4962,7367,BreakoutName16,0,3,23,10,42,23,81,81,92
Hot Girl Bummer,BLACKBEAR,3609,4962,7367,BreakoutName17,0,0,20,10,43,27,88,88,102
Hot Girl Bummer,BLACKBEAR,3609,4962,7367,BreakoutName18,0,0,18,6,41,35,97,97,115
Hot Girl Bummer,BLACKBEAR,3609,4962,7367,BreakoutName19,0,9,14,18,36,23,80,80,91
Hot Girl Bummer,BLACKBEAR,3609,4962,7367,BreakoutName20,0,7,20,13,13,47,90,90,113
Hot Girl Bummer,BLACKBEAR,3609,4962,7367,BreakoutName21,1,8,26,10,32,22,71,72,82
INDUSTRY BABY,LIL NAS X & HARLOW ,263,401,1985,BreakoutName1,10,19,9,10,22,30,72,81,88
INDUSTRY BABY,LIL NAS X & HARLOW ,263,401,1985,BreakoutName2,10,18,12,8,25,28,70,78,84
INDUSTRY BABY,LIL NAS X & HARLOW ,263,401,1985,BreakoutName3,0,25,20,5,10,40,72,72,92
INDUSTRY BABY,LIL NAS X & HARLOW ,263,401,1985,BreakoutName4,15,19,4,10,29,23,68,81,80
INDUSTRY BABY,LIL NAS X & HARLOW ,263,401,1985,BreakoutName5,8,25,10,10,15,33,69,75,86
INDUSTRY BABY,LIL NAS X & HARLOW ,263,401,1985,BreakoutName6,14,7,7,11,36,25,79,92,91
INDUSTRY BABY,LIL NAS X & HARLOW ,263,401,1985,BreakoutName7,13,23,7,7,13,37,72,83,90
INDUSTRY BABY,LIL NAS X & HARLOW ,263,401,1985,BreakoutName8,14,7,7,11,36,25,79,92,91
INDUSTRY BABY,LIL NAS X & HARLOW ,263,401,1985,BreakoutName8,14,16,7,9,24,31,75,87,91
INDUSTRY BABY,LIL NAS X & HARLOW ,263,401,1985,BreakoutName9,9,23,7,9,14,37,74,82,93
INDUSTRY BABY,LIL NAS X & HARLOW ,263,401,1985,BreakoutName10,16,16,4,20,20,24,66,79,78
INDUSTRY BABY,LIL NAS X & HARLOW ,263,401,1985,BreakoutName11,0,27,14,14,18,27,66,66,80
INDUSTRY BABY,LIL NAS X & HARLOW ,263,401,1985,BreakoutName12,7,18,7,13,24,31,76,82,92
INDUSTRY BABY,LIL NAS X & HARLOW ,263,401,1985,BreakoutName13,0,13,13,13,33,27,80,80,93
INDUSTRY BABY,LIL NAS X & HARLOW ,263,401,1985,BreakoutName14,11,15,9,13,20,33,75,84,91
INDUSTRY BABY,LIL NAS X & HARLOW ,263,401,1985,BreakoutName15,12,19,0,19,19,31,75,85,90
INDUSTRY BABY,LIL NAS X & HARLOW ,263,401,1985,BreakoutName16,6,13,13,10,26,32,79,84,95
INDUSTRY BABY,LIL NAS X & HARLOW ,263,401,1985,BreakoutName17,7,20,10,10,20,33,75,80,92
INDUSTRY BABY,LIL NAS X & HARLOW ,263,401,1985,BreakoutName18,6,18,12,12,24,29,74,78,88
INDUSTRY BABY,LIL NAS X & HARLOW ,263,401,1985,BreakoutName19,9,32,5,14,23,18,57,62,66
INDUSTRY BABY,LIL NAS X & HARLOW ,263,401,1985,BreakoutName20,0,7,13,20,13,47,93,93,117
INDUSTRY BABY,LIL NAS X & HARLOW ,263,401,1985,BreakoutName21,10,19,9,10,22,30,72,81,88
Kings & Queens,MAX  AVA,1443,1997,7686,BreakoutName1,2,14,18,14,30,22,71,72,82
Kings & Queens,MAX  AVA,1443,1997,7686,BreakoutName2,2,20,12,12,32,20,69,71,79
Kings & Queens,MAX  AVA,1443,1997,7686,BreakoutName3,0,10,25,10,35,20,70,70,80
Kings & Queens,MAX  AVA,1443,1997,7686,BreakoutName4,4,17,13,17,27,21,67,70,78
Kings & Queens,MAX  AVA,1443,1997,7686,BreakoutName5,0,13,21,17,23,25,69,69,82
Kings & Queens,MAX  AVA,1443,1997,7686,BreakoutName6,7,14,11,7,43,18,73,79,82
Kings & Queens,MAX  AVA,1443,1997,7686,BreakoutName7,0,13,30,17,20,20,58,58,68
Kings & Queens,MAX  AVA,1443,1997,7686,BreakoutName8,7,14,11,7,43,18,73,79,82
Kings & Queens,MAX  AVA,1443,1997,7686,BreakoutName8,3,14,21,12,31,19,66,68,75
Kings & Queens,MAX  AVA,1443,1997,7686,BreakoutName9,0,12,23,19,21,26,69,69,81
Kings & Queens,MAX  AVA,1443,1997,7686,BreakoutName10,0,8,24,8,32,28,78,78,92
Kings & Queens,MAX  AVA,1443,1997,7686,BreakoutName11,0,14,9,18,27,32,84,84,100
Kings & Queens,MAX  AVA,1443,1997,7686,BreakoutName12,4,11,24,15,24,24,66,69,78
Kings & Queens,MAX  AVA,1443,1997,7686,BreakoutName13,7,20,27,13,13,20,50,54,60
Kings & Queens,MAX  AVA,1443,1997,7686,BreakoutName14,2,15,24,7,24,28,70,71,84
Kings & Queens,MAX  AVA,1443,1997,7686,BreakoutName15,0,12,19,12,31,27,77,77,90
Kings & Queens,MAX  AVA,1443,1997,7686,BreakoutName16,3,16,29,6,16,29,63,65,77
Kings & Queens,MAX  AVA,1443,1997,7686,BreakoutName17,0,13,17,13,37,20,73,73,83
Kings & Queens,MAX  AVA,1443,1997,7686,BreakoutName18,0,18,24,18,24,18,59,59,68
Kings & Queens,MAX  AVA,1443,1997,7686,BreakoutName19,5,9,14,23,27,23,73,76,84
Kings & Queens,MAX  AVA,1443,1997,7686,BreakoutName20,7,20,13,13,20,27,67,71,80
Kings & Queens,MAX  AVA,1443,1997,7686,BreakoutName21,2,14,18,14,30,22,71,72,82
Kiss Me More f/Sza,DOJA CAT,1910,2560,7697,BreakoutName1,6,5,11,10,39,29,87,93,101
Kiss Me More f/Sza,DOJA CAT,1910,2560,7697,BreakoutName2,2,2,12,12,35,35,94,96,111
Kiss Me More f/Sza,DOJA CAT,1910,2560,7697,BreakoutName3,0,0,20,20,55,5,72,72,75
Kiss Me More f/Sza,DOJA CAT,1910,2560,7697,BreakoutName4,10,8,8,6,35,35,89,99,107
Kiss Me More f/Sza,DOJA CAT,1910,2560,7697,BreakoutName5,4,2,13,10,40,31,91,95,107
Kiss Me More f/Sza,DOJA CAT,1910,2560,7697,BreakoutName6,11,11,7,11,36,25,79,88,91
Kiss Me More f/Sza,DOJA CAT,1910,2560,7697,BreakoutName7,3,3,7,10,40,37,100,103,118
Kiss Me More f/Sza,DOJA CAT,1910,2560,7697,BreakoutName8,11,11,7,11,36,25,79,88,91
Kiss Me More f/Sza,DOJA CAT,1910,2560,7697,BreakoutName8,7,7,7,10,38,31,90,96,105
Kiss Me More f/Sza,DOJA CAT,1910,2560,7697,BreakoutName9,5,2,7,9,42,35,99,104,116
Kiss Me More f/Sza,DOJA CAT,1910,2560,7697,BreakoutName10,12,12,16,8,32,20,66,75,76
Kiss Me More f/Sza,DOJA CAT,1910,2560,7697,BreakoutName11,5,0,23,9,41,23,80,83,91
Kiss Me More f/Sza,DOJA CAT,1910,2560,7697,BreakoutName12,7,5,11,9,40,27,85,92,99
Kiss Me More f/Sza,DOJA CAT,1910,2560,7697,BreakoutName13,0,0,13,13,33,40,100,100,120
Kiss Me More f/Sza,DOJA CAT,1910,2560,7697,BreakoutName14,4,2,17,11,30,35,88,92,105
Kiss Me More f/Sza,DOJA CAT,1910,2560,7697,BreakoutName15,8,4,19,8,31,31,81,88,96
Kiss Me More f/Sza,DOJA CAT,1910,2560,7697,BreakoutName16,0,0,16,10,39,35,97,97,115
Kiss Me More f/Sza,DOJA CAT,1910,2560,7697,BreakoutName17,13,3,10,10,40,23,80,92,92
Kiss Me More f/Sza,DOJA CAT,1910,2560,7697,BreakoutName18,6,0,6,18,41,29,94,100,109
Kiss Me More f/Sza,DOJA CAT,1910,2560,7697,BreakoutName19,5,5,23,14,36,18,70,74,80
Kiss Me More f/Sza,DOJA CAT,1910,2560,7697,BreakoutName20,0,0,13,20,40,27,90,90,103
Kiss Me More f/Sza,DOJA CAT,1910,2560,7697,BreakoutName21,6,5,11,10,39,29,87,93,101
Leave Before You Love Me,MARSHMELLO F/JONAS B,511,770,1757,BreakoutName1,19,9,18,18,29,9,51,62,55
Leave Before You Love Me,MARSHMELLO F/JONAS B,511,770,1757,BreakoutName2,18,10,18,18,30,8,50,61,54
Leave Before You Love Me,MARSHMELLO F/JONAS B,511,770,1757,BreakoutName3,15,10,25,15,30,5,45,53,48
Leave Before You Love Me,MARSHMELLO F/JONAS B,511,770,1757,BreakoutName4,19,10,13,19,27,12,54,67,60
Leave Before You Love Me,MARSHMELLO F/JONAS B,511,770,1757,BreakoutName5,19,10,21,17,29,4,43,54,45
Leave Before You Love Me,MARSHMELLO F/JONAS B,511,770,1757,BreakoutName6,18,7,11,18,29,18,64,78,73
Leave Before You Love Me,MARSHMELLO F/JONAS B,511,770,1757,BreakoutName7,27,17,13,13,23,7,40,55,43
Leave Before You Love Me,MARSHMELLO F/JONAS B,511,770,1757,BreakoutName8,18,7,11,18,29,18,64,78,73
Leave Before You Love Me,MARSHMELLO F/JONAS B,511,770,1757,BreakoutName8,22,12,12,16,26,12,52,67,58
Leave Before You Love Me,MARSHMELLO F/JONAS B,511,770,1757,BreakoutName9,23,12,16,19,26,5,42,55,44
Leave Before You Love Me,MARSHMELLO F/JONAS B,511,770,1757,BreakoutName10,28,0,16,16,36,4,50,69,52
Leave Before You Love Me,MARSHMELLO F/JONAS B,511,770,1757,BreakoutName11,9,0,32,23,36,0,48,52,48
Leave Before You Love Me,MARSHMELLO F/JONAS B,511,770,1757,BreakoutName12,18,7,20,15,29,11,53,64,58
Leave Before You Love Me,MARSHMELLO F/JONAS B,511,770,1757,BreakoutName13,13,7,27,7,33,13,57,65,63
Leave Before You Love Me,MARSHMELLO F/JONAS B,511,770,1757,BreakoutName14,20,4,22,17,33,4,48,59,50
Leave Before You Love Me,MARSHMELLO F/JONAS B,511,770,1757,BreakoutName15,31,4,19,19,23,4,38,56,40
Leave Before You Love Me,MARSHMELLO F/JONAS B,511,770,1757,BreakoutName16,10,6,19,16,42,6,60,66,63
Leave Before You Love Me,MARSHMELLO F/JONAS B,511,770,1757,BreakoutName17,27,7,20,7,37,3,45,61,47
Leave Before You Love Me,MARSHMELLO F/JONAS B,511,770,1757,BreakoutName18,18,12,18,6,41,6,53,64,56
Leave Before You Love Me,MARSHMELLO F/JONAS B,511,770,1757,BreakoutName19,14,18,18,23,23,5,41,47,43
Leave Before You Love Me,MARSHMELLO F/JONAS B,511,770,1757,BreakoutName20,7,7,13,20,40,13,70,75,77
Leave Before You Love Me,MARSHMELLO F/JONAS B,511,770,1757,BreakoutName21,19,9,18,18,29,9,51,62,55
Levitating,LIPA  DUA,2500,3486,10640,BreakoutName1,1,11,20,6,34,28,78,79,92
Levitating,LIPA  DUA,2500,3486,10640,BreakoutName2,0,10,15,2,48,25,86,86,99
Levitating,LIPA  DUA,2500,3486,10640,BreakoutName3,5,25,30,0,35,5,42,45,45
Levitating,LIPA  DUA,2500,3486,10640,BreakoutName4,0,8,17,8,31,37,89,89,108
Levitating,LIPA  DUA,2500,3486,10640,BreakoutName5,2,13,27,4,27,27,69,71,83
Levitating,LIPA  DUA,2500,3486,10640,BreakoutName6,0,7,7,11,46,29,95,95,109
Levitating,LIPA  DUA,2500,3486,10640,BreakoutName7,0,13,23,0,30,33,80,80,97
Levitating,LIPA  DUA,2500,3486,10640,BreakoutName8,0,7,7,11,46,29,95,95,109
Levitating,LIPA  DUA,2500,3486,10640,BreakoutName8,0,10,16,5,38,31,87,87,103
Levitating,LIPA  DUA,2500,3486,10640,BreakoutName9,2,14,26,0,26,33,74,76,91
Levitating,LIPA  DUA,2500,3486,10640,BreakoutName10,0,12,20,12,28,28,76,76,90
Levitating,LIPA  DUA,2500,3486,10640,BreakoutName11,5,14,32,9,23,18,55,57,64
Levitating,LIPA  DUA,2500,3486,10640,BreakoutName12,2,15,20,9,27,27,73,74,86
Levitating,LIPA  DUA,2500,3486,10640,BreakoutName13,0,20,7,7,47,20,80,80,90
Levitating,LIPA  DUA,2500,3486,10640,BreakoutName14,0,11,20,7,39,24,78,78,90
Levitating,LIPA  DUA,2500,3486,10640,BreakoutName15,0,12,15,8,42,23,81,81,92
Levitating,LIPA  DUA,2500,3486,10640,BreakoutName16,0,13,23,10,29,26,73,73,85
Levitating,LIPA  DUA,2500,3486,10640,BreakoutName17,0,13,13,13,40,20,77,77,87
Levitating,LIPA  DUA,2500,3486,10640,BreakoutName18,0,18,18,6,41,18,71,71,79
Levitating,LIPA  DUA,2500,3486,10640,BreakoutName19,0,23,18,5,27,27,70,70,84
Levitating,LIPA  DUA,2500,3486,10640,BreakoutName20,0,7,13,13,33,33,90,90,107
Levitating,LIPA  DUA,2500,3486,10640,BreakoutName21,1,11,20,6,34,28,78,79,92
Love Again,LIPA  DUA,333,484,813,BreakoutName1,26,8,11,11,28,16,58,78,66
Love Again,LIPA  DUA,333,484,813,BreakoutName2,25,12,10,15,25,12,51,68,58
Love Again,LIPA  DUA,333,484,813,BreakoutName3,45,10,15,0,15,15,38,68,45
Love Again,LIPA  DUA,333,484,813,BreakoutName4,19,6,10,13,35,17,67,83,76
Love Again,LIPA  DUA,333,484,813,BreakoutName5,37,8,12,8,23,13,47,74,54
Love Again,LIPA  DUA,333,484,813,BreakoutName6,7,7,11,18,36,21,77,83,88
Love Again,LIPA  DUA,333,484,813,BreakoutName7,33,10,3,13,27,13,53,80,60
Love Again,LIPA  DUA,333,484,813,BreakoutName8,7,7,11,18,36,21,77,83,88
Love Again,LIPA  DUA,333,484,813,BreakoutName8,21,9,7,16,31,17,65,82,73
Love Again,LIPA  DUA,333,484,813,BreakoutName9,40,7,7,9,26,12,48,79,53
Love Again,LIPA  DUA,333,484,813,BreakoutName10,28,4,12,8,32,16,60,83,68
Love Again,LIPA  DUA,333,484,813,BreakoutName11,41,5,23,0,18,14,39,65,45
Love Again,LIPA  DUA,333,484,813,BreakoutName12,31,5,11,5,29,18,59,86,68
Love Again,LIPA  DUA,333,484,813,BreakoutName13,40,13,7,0,27,13,47,78,53
Love Again,LIPA  DUA,333,484,813,BreakoutName14,33,7,13,13,20,15,49,73,57
Love Again,LIPA  DUA,333,484,813,BreakoutName15,35,4,15,12,27,8,44,68,48
Love Again,LIPA  DUA,333,484,813,BreakoutName16,26,6,16,13,16,23,56,76,68
Love Again,LIPA  DUA,333,484,813,BreakoutName17,33,3,13,7,37,7,50,75,53
Love Again,LIPA  DUA,333,484,813,BreakoutName18,35,6,12,12,29,6,44,68,47
Love Again,LIPA  DUA,333,484,813,BreakoutName19,36,9,9,18,27,0,36,57,36
Love Again,LIPA  DUA,333,484,813,BreakoutName20,20,7,13,13,27,20,63,79,73
Love Again,LIPA  DUA,333,484,813,BreakoutName21,26,8,11,11,28,16,58,78,66
Love Lies,KHALID X NORMANI,3371,4551,8822,BreakoutName1,6,11,15,12,39,16,69,74,78
Love Lies,KHALID X NORMANI,3371,4551,8822,BreakoutName2,2,10,10,20,35,22,79,81,90
Love Lies,KHALID X NORMANI,3371,4551,8822,BreakoutName3,5,20,5,15,50,5,65,68,68
Love Lies,KHALID X NORMANI,3371,4551,8822,BreakoutName4,6,8,17,10,38,21,75,80,86
Love Lies,KHALID X NORMANI,3371,4551,8822,BreakoutName5,6,15,19,13,35,12,59,62,64
Love Lies,KHALID X NORMANI,3371,4551,8822,BreakoutName6,7,4,7,11,46,25,89,96,102
Love Lies,KHALID X NORMANI,3371,4551,8822,BreakoutName7,0,17,7,23,40,13,72,72,78
Love Lies,KHALID X NORMANI,3371,4551,8822,BreakoutName8,7,4,7,11,46,25,89,96,102
Love Lies,KHALID X NORMANI,3371,4551,8822,BreakoutName8,3,10,7,17,43,19,80,83,90
Love Lies,KHALID X NORMANI,3371,4551,8822,BreakoutName9,5,14,14,16,37,14,66,70,73
Love Lies,KHALID X NORMANI,3371,4551,8822,BreakoutName10,4,12,24,8,48,4,58,60,60
Love Lies,KHALID X NORMANI,3371,4551,8822,BreakoutName11,14,14,36,0,27,9,41,47,45
Love Lies,KHALID X NORMANI,3371,4551,8822,BreakoutName12,9,11,20,9,38,13,62,68,68
Love Lies,KHALID X NORMANI,3371,4551,8822,BreakoutName13,7,7,20,20,27,20,67,71,77
Love Lies,KHALID X NORMANI,3371,4551,8822,BreakoutName14,0,11,17,13,43,15,73,73,80
Love Lies,KHALID X NORMANI,3371,4551,8822,BreakoutName15,0,8,19,23,38,12,67,67,73
Love Lies,KHALID X NORMANI,3371,4551,8822,BreakoutName16,0,6,19,10,45,19,79,79,89
Love Lies,KHALID X NORMANI,3371,4551,8822,BreakoutName17,3,7,17,17,50,7,68,71,72
Love Lies,KHALID X NORMANI,3371,4551,8822,BreakoutName18,0,6,12,24,47,12,76,76,82
Love Lies,KHALID X NORMANI,3371,4551,8822,BreakoutName19,9,14,9,14,41,14,68,75,75
Love Lies,KHALID X NORMANI,3371,4551,8822,BreakoutName20,0,7,27,13,27,27,73,73,87
Love Lies,KHALID X NORMANI,3371,4551,8822,BreakoutName21,6,11,15,12,39,16,69,74,78
MONTERO (Call Me By Your Name),LIL NAS X,1786,2375,7485,BreakoutName1,2,10,16,6,35,30,83,85,98
MONTERO (Call Me By Your Name),LIL NAS X,1786,2375,7485,BreakoutName2,0,15,20,5,30,30,78,78,92
MONTERO (Call Me By Your Name),LIL NAS X,1786,2375,7485,BreakoutName3,0,0,20,5,45,30,92,92,108
MONTERO (Call Me By Your Name),LIL NAS X,1786,2375,7485,BreakoutName4,4,15,13,8,31,29,78,81,92
MONTERO (Call Me By Your Name),LIL NAS X,1786,2375,7485,BreakoutName5,0,12,17,6,31,35,86,86,103
MONTERO (Call Me By Your Name),LIL NAS X,1786,2375,7485,BreakoutName6,7,7,14,7,43,21,79,85,89
MONTERO (Call Me By Your Name),LIL NAS X,1786,2375,7485,BreakoutName7,0,17,23,7,17,37,75,75,93
MONTERO (Call Me By Your Name),LIL NAS X,1786,2375,7485,BreakoutName8,7,7,14,7,43,21,79,85,89
MONTERO (Call Me By Your Name),LIL NAS X,1786,2375,7485,BreakoutName8,3,12,19,7,29,29,77,79,91
MONTERO (Call Me By Your Name),LIL NAS X,1786,2375,7485,BreakoutName9,0,12,16,7,26,40,88,88,108
MONTERO (Call Me By Your Name),LIL NAS X,1786,2375,7485,BreakoutName10,8,8,12,12,36,24,78,85,90
MONTERO (Call Me By Your Name),LIL NAS X,1786,2375,7485,BreakoutName11,0,5,9,5,50,32,100,100,116
MONTERO (Call Me By Your Name),LIL NAS X,1786,2375,7485,BreakoutName12,4,5,15,5,44,27,87,91,101
MONTERO (Call Me By Your Name),LIL NAS X,1786,2375,7485,BreakoutName13,0,7,20,0,53,20,83,83,93
MONTERO (Call Me By Your Name),LIL NAS X,1786,2375,7485,BreakoutName14,2,4,17,11,30,35,88,90,105
MONTERO (Call Me By Your Name),LIL NAS X,1786,2375,7485,BreakoutName15,0,8,12,12,31,38,94,94,113
MONTERO (Call Me By Your Name),LIL NAS X,1786,2375,7485,BreakoutName16,3,0,19,13,32,32,87,90,103
MONTERO (Call Me By Your Name),LIL NAS X,1786,2375,7485,BreakoutName17,3,3,20,7,40,27,83,86,97
MONTERO (Call Me By Your Name),LIL NAS X,1786,2375,7485,BreakoutName18,0,6,24,12,35,24,76,76,88
MONTERO (Call Me By Your Name),LIL NAS X,1786,2375,7485,BreakoutName19,5,23,9,0,32,32,80,83,95
MONTERO (Call Me By Your Name),LIL NAS X,1786,2375,7485,BreakoutName20,0,0,27,0,40,33,90,90,107
MONTERO (Call Me By Your Name),LIL NAS X,1786,2375,7485,BreakoutName21,2,10,16,6,35,30,83,85,98
Mood f/Iann Dior,24KGOLDN,2502,3365,14261,BreakoutName1,1,20,19,14,26,20,63,64,73
Mood f/Iann Dior,24KGOLDN,2502,3365,14261,BreakoutName2,2,20,18,5,32,22,69,71,80
Mood f/Iann Dior,24KGOLDN,2502,3365,14261,BreakoutName3,5,15,40,10,20,10,40,42,45
Mood f/Iann Dior,24KGOLDN,2502,3365,14261,BreakoutName4,0,25,10,15,27,23,69,69,81
Mood f/Iann Dior,24KGOLDN,2502,3365,14261,BreakoutName5,2,19,23,15,29,12,54,55,60
Mood f/Iann Dior,24KGOLDN,2502,3365,14261,BreakoutName6,0,21,11,11,21,36,80,80,98
Mood f/Iann Dior,24KGOLDN,2502,3365,14261,BreakoutName7,3,27,23,13,23,10,45,47,50
Mood f/Iann Dior,24KGOLDN,2502,3365,14261,BreakoutName8,0,21,11,11,21,36,80,80,98
Mood f/Iann Dior,24KGOLDN,2502,3365,14261,BreakoutName8,2,24,17,12,22,22,62,63,73
Mood f/Iann Dior,24KGOLDN,2502,3365,14261,BreakoutName9,2,19,26,14,28,12,52,54,58
Mood f/Iann Dior,24KGOLDN,2502,3365,14261,BreakoutName10,0,16,20,16,24,24,68,68,80
Mood f/Iann Dior,24KGOLDN,2502,3365,14261,BreakoutName11,0,9,23,18,36,14,66,66,73
Mood f/Iann Dior,24KGOLDN,2502,3365,14261,BreakoutName12,0,18,22,16,24,20,62,62,72
Mood f/Iann Dior,24KGOLDN,2502,3365,14261,BreakoutName13,0,13,27,0,33,27,73,73,87
Mood f/Iann Dior,24KGOLDN,2502,3365,14261,BreakoutName14,0,20,22,11,33,15,61,61,68
Mood f/Iann Dior,24KGOLDN,2502,3365,14261,BreakoutName15,0,12,19,19,35,15,67,67,75
Mood f/Iann Dior,24KGOLDN,2502,3365,14261,BreakoutName16,0,23,26,3,29,19,60,60,69
Mood f/Iann Dior,24KGOLDN,2502,3365,14261,BreakoutName17,0,10,27,13,33,17,65,65,73
Mood f/Iann Dior,24KGOLDN,2502,3365,14261,BreakoutName18,0,12,29,12,35,12,59,59,65
Mood f/Iann Dior,24KGOLDN,2502,3365,14261,BreakoutName19,0,27,14,5,36,18,66,66,75
Mood f/Iann Dior,24KGOLDN,2502,3365,14261,BreakoutName20,7,20,13,13,20,27,67,71,80
Mood f/Iann Dior,24KGOLDN,2502,3365,14261,BreakoutName21,1,20,19,14,26,20,63,64,73
New Rules,LIPA  DUA,3565,4800,10370,BreakoutName1,2,6,21,8,39,24,78,80,90
New Rules,LIPA  DUA,3565,4800,10370,BreakoutName2,2,5,18,10,45,20,80,82,90
New Rules,LIPA  DUA,3565,4800,10370,BreakoutName3,0,10,35,10,25,20,60,60,70
New Rules,LIPA  DUA,3565,4800,10370,BreakoutName4,4,6,13,8,42,27,87,90,100
New Rules,LIPA  DUA,3565,4800,10370,BreakoutName5,0,10,27,12,35,17,66,66,75
New Rules,LIPA  DUA,3565,4800,10370,BreakoutName6,7,0,11,0,46,36,100,108,118
New Rules,LIPA  DUA,3565,4800,10370,BreakoutName7,0,13,13,13,43,17,75,75,83
New Rules,LIPA  DUA,3565,4800,10370,BreakoutName8,7,0,11,0,46,36,100,108,118
New Rules,LIPA  DUA,3565,4800,10370,BreakoutName8,3,7,12,7,45,26,87,90,100
New Rules,LIPA  DUA,3565,4800,10370,BreakoutName9,0,12,16,12,40,21,77,77,87
New Rules,LIPA  DUA,3565,4800,10370,BreakoutName10,0,4,32,4,32,28,76,76,90
New Rules,LIPA  DUA,3565,4800,10370,BreakoutName11,0,5,45,9,23,18,55,55,64
New Rules,LIPA  DUA,3565,4800,10370,BreakoutName12,4,5,25,9,33,24,73,75,85
New Rules,LIPA  DUA,3565,4800,10370,BreakoutName13,7,0,27,20,33,13,63,68,70
New Rules,LIPA  DUA,3565,4800,10370,BreakoutName14,2,4,28,7,41,17,71,72,79
New Rules,LIPA  DUA,3565,4800,10370,BreakoutName15,4,4,38,4,35,15,60,62,67
New Rules,LIPA  DUA,3565,4800,10370,BreakoutName16,3,3,29,6,35,23,73,75,84
New Rules,LIPA  DUA,3565,4800,10370,BreakoutName17,3,3,23,10,43,17,73,76,82
New Rules,LIPA  DUA,3565,4800,10370,BreakoutName18,6,6,18,18,41,12,68,72,74
New Rules,LIPA  DUA,3565,4800,10370,BreakoutName19,5,0,23,5,41,27,84,88,98
New Rules,LIPA  DUA,3565,4800,10370,BreakoutName20,0,7,20,20,33,20,73,73,83
New Rules,LIPA  DUA,3565,4800,10370,BreakoutName21,2,6,21,8,39,24,78,80,90
positions,GRANDE  ARIANA,3510,4671,7216,BreakoutName1,2,18,22,9,29,20,63,65,73
positions,GRANDE  ARIANA,3510,4671,7216,BreakoutName2,2,12,22,12,25,25,69,71,81
positions,GRANDE  ARIANA,3510,4671,7216,BreakoutName3,0,10,10,10,50,20,85,85,95
positions,GRANDE  ARIANA,3510,4671,7216,BreakoutName4,4,23,27,8,19,19,52,54,62
positions,GRANDE  ARIANA,3510,4671,7216,BreakoutName5,0,17,25,10,27,21,63,63,74
positions,GRANDE  ARIANA,3510,4671,7216,BreakoutName6,7,18,18,7,32,18,62,67,71
positions,GRANDE  ARIANA,3510,4671,7216,BreakoutName7,0,27,23,7,30,13,53,53,60
positions,GRANDE  ARIANA,3510,4671,7216,BreakoutName8,7,18,18,7,32,18,62,67,71
positions,GRANDE  ARIANA,3510,4671,7216,BreakoutName8,3,22,21,7,31,16,58,60,66
positions,GRANDE  ARIANA,3510,4671,7216,BreakoutName9,0,19,23,5,30,23,67,67,79
positions,GRANDE  ARIANA,3510,4671,7216,BreakoutName10,0,24,28,8,28,12,50,50,56
positions,GRANDE  ARIANA,3510,4671,7216,BreakoutName11,0,5,27,14,23,32,77,77,93
positions,GRANDE  ARIANA,3510,4671,7216,BreakoutName12,4,20,20,7,31,18,62,64,71
positions,GRANDE  ARIANA,3510,4671,7216,BreakoutName13,7,13,13,13,27,27,73,79,87
positions,GRANDE  ARIANA,3510,4671,7216,BreakoutName14,2,15,30,7,30,15,57,58,64
positions,GRANDE  ARIANA,3510,4671,7216,BreakoutName15,4,19,38,4,23,12,42,44,48
positions,GRANDE  ARIANA,3510,4671,7216,BreakoutName16,3,10,26,10,29,23,68,70,79
positions,GRANDE  ARIANA,3510,4671,7216,BreakoutName17,3,10,23,17,33,13,62,64,68
positions,GRANDE  ARIANA,3510,4671,7216,BreakoutName18,6,12,18,18,35,12,62,66,68
positions,GRANDE  ARIANA,3510,4671,7216,BreakoutName19,5,9,14,14,36,23,77,81,89
positions,GRANDE  ARIANA,3510,4671,7216,BreakoutName20,0,13,20,13,33,20,70,70,80
positions,GRANDE  ARIANA,3510,4671,7216,BreakoutName21,2,18,22,9,29,20,63,65,73
pov,GRANDE  ARIANA,1544,2084,2344,BreakoutName1,6,8,16,15,36,19,72,77,81
pov,GRANDE  ARIANA,1544,2084,2344,BreakoutName2,5,8,12,10,45,20,80,84,90
pov,GRANDE  ARIANA,1544,2084,2344,BreakoutName3,0,5,5,15,60,15,90,90,98
pov,GRANDE  ARIANA,1544,2084,2344,BreakoutName4,10,10,19,15,29,17,62,69,71
pov,GRANDE  ARIANA,1544,2084,2344,BreakoutName5,2,10,19,15,37,17,70,72,79
pov,GRANDE  ARIANA,1544,2084,2344,BreakoutName6,14,4,11,14,36,21,75,88,86
pov,GRANDE  ARIANA,1544,2084,2344,BreakoutName7,3,13,17,10,47,10,67,69,72
pov,GRANDE  ARIANA,1544,2084,2344,BreakoutName8,14,4,11,14,36,21,75,88,86
pov,GRANDE  ARIANA,1544,2084,2344,BreakoutName8,9,9,14,12,41,16,71,77,78
pov,GRANDE  ARIANA,1544,2084,2344,BreakoutName9,2,9,19,12,40,19,73,75,83
pov,GRANDE  ARIANA,1544,2084,2344,BreakoutName10,8,0,16,28,28,20,72,78,82
pov,GRANDE  ARIANA,1544,2084,2344,BreakoutName11,0,5,23,23,23,27,75,75,89
pov,GRANDE  ARIANA,1544,2084,2344,BreakoutName12,7,5,16,16,36,18,72,77,81
pov,GRANDE  ARIANA,1544,2084,2344,BreakoutName13,7,0,7,7,60,20,93,100,103
pov,GRANDE  ARIANA,1544,2084,2344,BreakoutName14,4,4,20,13,37,22,76,80,87
pov,GRANDE  ARIANA,1544,2084,2344,BreakoutName15,8,8,23,15,38,8,58,62,62
pov,GRANDE  ARIANA,1544,2084,2344,BreakoutName16,6,0,13,16,35,29,87,93,102
pov,GRANDE  ARIANA,1544,2084,2344,BreakoutName17,7,0,13,13,43,23,85,91,97
pov,GRANDE  ARIANA,1544,2084,2344,BreakoutName18,6,0,12,12,53,18,85,91,94
pov,GRANDE  ARIANA,1544,2084,2344,BreakoutName19,9,5,9,9,50,18,82,90,91
pov,GRANDE  ARIANA,1544,2084,2344,BreakoutName20,0,7,13,33,27,20,73,73,83
pov,GRANDE  ARIANA,1544,2084,2344,BreakoutName21,6,8,16,15,36,19,72,77,81
Psycho f/Ty Dolla $ign,POST MALONE,2353,3202,9675,BreakoutName1,1,5,21,15,31,26,78,79,91
Psycho f/Ty Dolla $ign,POST MALONE,2353,3202,9675,BreakoutName2,0,10,20,15,30,25,75,75,88
Psycho f/Ty Dolla $ign,POST MALONE,2353,3202,9675,BreakoutName3,5,5,25,15,45,5,60,63,62
Psycho f/Ty Dolla $ign,POST MALONE,2353,3202,9675,BreakoutName4,0,6,19,12,27,37,88,88,106
Psycho f/Ty Dolla $ign,POST MALONE,2353,3202,9675,BreakoutName5,2,8,21,13,31,25,75,76,88
Psycho f/Ty Dolla $ign,POST MALONE,2353,3202,9675,BreakoutName6,0,0,21,18,32,29,84,84,98
Psycho f/Ty Dolla $ign,POST MALONE,2353,3202,9675,BreakoutName7,3,10,23,10,23,30,73,76,88
Psycho f/Ty Dolla $ign,POST MALONE,2353,3202,9675,BreakoutName8,0,0,21,18,32,29,84,84,98
Psycho f/Ty Dolla $ign,POST MALONE,2353,3202,9675,BreakoutName8,2,5,22,14,28,29,78,80,93
Psycho f/Ty Dolla $ign,POST MALONE,2353,3202,9675,BreakoutName9,2,9,21,12,26,30,77,79,92
Psycho f/Ty Dolla $ign,POST MALONE,2353,3202,9675,BreakoutName10,0,0,28,16,32,24,76,76,88
Psycho f/Ty Dolla $ign,POST MALONE,2353,3202,9675,BreakoutName11,0,5,18,18,41,18,77,77,86
Psycho f/Ty Dolla $ign,POST MALONE,2353,3202,9675,BreakoutName12,2,0,24,18,31,25,78,80,91
Psycho f/Ty Dolla $ign,POST MALONE,2353,3202,9675,BreakoutName13,0,0,27,27,27,20,70,70,80
Psycho f/Ty Dolla $ign,POST MALONE,2353,3202,9675,BreakoutName14,0,2,26,15,30,26,77,77,90
Psycho f/Ty Dolla $ign,POST MALONE,2353,3202,9675,BreakoutName15,0,0,27,19,19,35,81,81,98
Psycho f/Ty Dolla $ign,POST MALONE,2353,3202,9675,BreakoutName16,0,3,23,16,32,26,79,79,92
Psycho f/Ty Dolla $ign,POST MALONE,2353,3202,9675,BreakoutName17,0,7,20,17,33,23,77,77,88
Psycho f/Ty Dolla $ign,POST MALONE,2353,3202,9675,BreakoutName18,0,12,18,24,29,18,68,68,76
Psycho f/Ty Dolla $ign,POST MALONE,2353,3202,9675,BreakoutName19,0,9,14,14,36,27,84,84,98
Psycho f/Ty Dolla $ign,POST MALONE,2353,3202,9675,BreakoutName20,0,0,20,13,47,20,83,83,93
Psycho f/Ty Dolla $ign,POST MALONE,2353,3202,9675,BreakoutName21,1,5,21,15,31,26,78,79,91
Rockstar f/21 Savage,POST MALONE,2187,3033,10176,BreakoutName1,8,8,15,11,32,26,78,84,91
Rockstar f/21 Savage,POST MALONE,2187,3033,10176,BreakoutName2,5,12,15,10,25,32,79,83,95
Rockstar f/21 Savage,POST MALONE,2187,3033,10176,BreakoutName3,10,10,15,10,50,5,62,69,65
Rockstar f/21 Savage,POST MALONE,2187,3033,10176,BreakoutName4,4,8,15,10,27,37,87,90,105
Rockstar f/21 Savage,POST MALONE,2187,3033,10176,BreakoutName5,10,10,13,13,33,21,71,79,82
Rockstar f/21 Savage,POST MALONE,2187,3033,10176,BreakoutName6,4,4,18,7,32,36,89,93,107
Rockstar f/21 Savage,POST MALONE,2187,3033,10176,BreakoutName7,7,13,17,13,33,17,65,70,73
Rockstar f/21 Savage,POST MALONE,2187,3033,10176,BreakoutName8,4,4,18,7,32,36,89,93,107
Rockstar f/21 Savage,POST MALONE,2187,3033,10176,BreakoutName8,5,9,17,10,33,26,77,81,90
Rockstar f/21 Savage,POST MALONE,2187,3033,10176,BreakoutName9,9,9,14,12,33,23,73,81,85
Rockstar f/21 Savage,POST MALONE,2187,3033,10176,BreakoutName10,8,0,16,16,44,16,76,83,84
Rockstar f/21 Savage,POST MALONE,2187,3033,10176,BreakoutName11,14,5,9,14,32,27,80,92,93
Rockstar f/21 Savage,POST MALONE,2187,3033,10176,BreakoutName12,11,2,16,13,33,25,77,87,90
Rockstar f/21 Savage,POST MALONE,2187,3033,10176,BreakoutName13,13,0,20,13,13,40,80,92,100
Rockstar f/21 Savage,POST MALONE,2187,3033,10176,BreakoutName14,9,0,15,13,37,26,83,90,96
Rockstar f/21 Savage,POST MALONE,2187,3033,10176,BreakoutName15,8,0,12,23,31,27,83,90,96
Rockstar f/21 Savage,POST MALONE,2187,3033,10176,BreakoutName16,6,0,19,10,39,26,82,88,95
Rockstar f/21 Savage,POST MALONE,2187,3033,10176,BreakoutName17,3,3,20,13,37,23,78,81,90
Rockstar f/21 Savage,POST MALONE,2187,3033,10176,BreakoutName18,0,6,18,18,29,29,82,82,97
Rockstar f/21 Savage,POST MALONE,2187,3033,10176,BreakoutName19,14,9,5,5,36,32,86,100,102
Rockstar f/21 Savage,POST MALONE,2187,3033,10176,BreakoutName20,7,0,13,7,40,33,93,100,110
Rockstar f/21 Savage,POST MALONE,2187,3033,10176,BreakoutName21,8,8,15,11,32,26,78,84,91
Rumors f/Cardi B,LIZZO,182,253,744,BreakoutName1,40,10,9,15,20,6,37,61,40
Rumors f/Cardi B,LIZZO,182,253,744,BreakoutName2,42,8,8,15,25,2,36,63,38
Rumors f/Cardi B,LIZZO,182,253,744,BreakoutName3,35,5,15,10,25,10,45,69,50
Rumors f/Cardi B,LIZZO,182,253,744,BreakoutName4,42,13,4,17,19,4,34,58,36
Rumors f/Cardi B,LIZZO,182,253,744,BreakoutName5,52,8,12,8,15,6,28,58,31
Rumors f/Cardi B,LIZZO,182,253,744,BreakoutName6,18,14,4,29,29,7,54,65,57
Rumors f/Cardi B,LIZZO,182,253,744,BreakoutName7,53,7,7,10,17,7,32,68,35
Rumors f/Cardi B,LIZZO,182,253,744,BreakoutName8,18,14,4,29,29,7,54,65,57
Rumors f/Cardi B,LIZZO,182,253,744,BreakoutName8,36,10,5,19,22,7,42,66,46
Rumors f/Cardi B,LIZZO,182,253,744,BreakoutName9,56,7,9,7,14,7,28,63,31
Rumors f/Cardi B,LIZZO,182,253,744,BreakoutName10,52,8,8,12,16,4,28,58,30
Rumors f/Cardi B,LIZZO,182,253,744,BreakoutName11,50,9,18,5,14,5,23,45,25
Rumors f/Cardi B,LIZZO,182,253,744,BreakoutName12,42,13,9,13,16,7,34,58,37
Rumors f/Cardi B,LIZZO,182,253,744,BreakoutName13,53,13,7,7,20,0,23,50,23
Rumors f/Cardi B,LIZZO,182,253,744,BreakoutName14,48,9,11,13,15,4,28,54,30
Rumors f/Cardi B,LIZZO,182,253,744,BreakoutName15,58,8,8,15,8,4,21,50,23
Rumors f/Cardi B,LIZZO,182,253,744,BreakoutName16,48,10,10,13,16,3,27,53,29
Rumors f/Cardi B,LIZZO,182,253,744,BreakoutName17,47,7,3,10,27,7,42,78,45
Rumors f/Cardi B,LIZZO,182,253,744,BreakoutName18,53,0,6,12,24,6,38,81,41
Rumors f/Cardi B,LIZZO,182,253,744,BreakoutName19,41,9,9,18,18,5,34,58,36
Rumors f/Cardi B,LIZZO,182,253,744,BreakoutName20,33,20,13,20,13,0,23,35,23
Rumors f/Cardi B,LIZZO,182,253,744,BreakoutName21,40,10,9,15,20,6,37,61,40
Save Your Tears,THE WEEKND,1677,2282,8083,BreakoutName1,10,9,16,19,29,18,64,72,73
Save Your Tears,THE WEEKND,1677,2282,8083,BreakoutName2,5,8,12,25,38,12,69,72,75
Save Your Tears,THE WEEKND,1677,2282,8083,BreakoutName3,15,10,15,10,35,15,62,74,70
Save Your Tears,THE WEEKND,1677,2282,8083,BreakoutName4,10,10,13,23,23,21,66,73,77
Save Your Tears,THE WEEKND,1677,2282,8083,BreakoutName5,8,10,21,13,31,17,63,69,72
Save Your Tears,THE WEEKND,1677,2282,8083,BreakoutName6,14,7,7,29,25,18,66,77,75
Save Your Tears,THE WEEKND,1677,2282,8083,BreakoutName7,10,7,20,13,30,20,67,74,77
Save Your Tears,THE WEEKND,1677,2282,8083,BreakoutName8,14,7,7,29,25,18,66,77,75
Save Your Tears,THE WEEKND,1677,2282,8083,BreakoutName8,12,7,14,21,28,19,66,75,76
Save Your Tears,THE WEEKND,1677,2282,8083,BreakoutName9,9,7,21,14,28,21,66,73,77
Save Your Tears,THE WEEKND,1677,2282,8083,BreakoutName10,8,12,20,12,24,24,66,72,78
Save Your Tears,THE WEEKND,1677,2282,8083,BreakoutName11,5,14,23,14,32,14,59,62,66
Save Your Tears,THE WEEKND,1677,2282,8083,BreakoutName12,11,9,22,16,24,18,59,66,68
Save Your Tears,THE WEEKND,1677,2282,8083,BreakoutName13,0,7,27,27,33,7,57,57,60
Save Your Tears,THE WEEKND,1677,2282,8083,BreakoutName14,4,7,24,17,30,17,65,68,74
Save Your Tears,THE WEEKND,1677,2282,8083,BreakoutName15,4,12,19,23,35,8,58,60,62
Save Your Tears,THE WEEKND,1677,2282,8083,BreakoutName16,3,3,26,23,23,23,68,70,79
Save Your Tears,THE WEEKND,1677,2282,8083,BreakoutName17,7,10,20,27,30,7,53,57,57
Save Your Tears,THE WEEKND,1677,2282,8083,BreakoutName18,0,0,24,35,35,6,62,62,65
Save Your Tears,THE WEEKND,1677,2282,8083,BreakoutName19,9,5,14,36,27,9,59,65,64
Save Your Tears,THE WEEKND,1677,2282,8083,BreakoutName20,0,0,13,20,40,27,90,90,103
Save Your Tears,THE WEEKND,1677,2282,8083,BreakoutName21,10,9,16,19,29,18,64,72,73
Say So,DOJA CAT,2105,2801,10551,BreakoutName1,2,5,19,6,41,26,84,86,97
Say So,DOJA CAT,2105,2801,10551,BreakoutName2,2,0,18,8,40,32,92,95,109
Say So,DOJA CAT,2105,2801,10551,BreakoutName3,0,0,10,5,75,10,92,92,98
Say So,DOJA CAT,2105,2801,10551,BreakoutName4,4,8,23,6,29,31,78,81,93
Say So,DOJA CAT,2105,2801,10551,BreakoutName5,0,2,21,4,46,27,88,88,102
Say So,DOJA CAT,2105,2801,10551,BreakoutName6,7,11,14,11,32,25,75,81,88
Say So,DOJA CAT,2105,2801,10551,BreakoutName7,0,3,17,3,50,27,92,92,105
Say So,DOJA CAT,2105,2801,10551,BreakoutName8,7,11,14,11,32,25,75,81,88
Say So,DOJA CAT,2105,2801,10551,BreakoutName8,3,7,16,7,41,26,84,87,97
Say So,DOJA CAT,2105,2801,10551,BreakoutName9,0,2,16,5,44,33,95,95,112
Say So,DOJA CAT,2105,2801,10551,BreakoutName10,0,16,24,8,40,12,62,62,68
Say So,DOJA CAT,2105,2801,10551,BreakoutName11,0,0,27,5,41,27,84,84,98
Say So,DOJA CAT,2105,2801,10551,BreakoutName12,4,7,20,4,42,24,79,82,91
Say So,DOJA CAT,2105,2801,10551,BreakoutName13,7,0,20,0,40,33,90,96,107
Say So,DOJA CAT,2105,2801,10551,BreakoutName14,2,2,24,9,33,30,83,84,98
Say So,DOJA CAT,2105,2801,10551,BreakoutName15,4,0,31,8,35,23,73,76,85
Say So,DOJA CAT,2105,2801,10551,BreakoutName16,3,3,19,10,32,32,85,88,102
Say So,DOJA CAT,2105,2801,10551,BreakoutName17,3,7,23,10,40,17,70,72,78
Say So,DOJA CAT,2105,2801,10551,BreakoutName18,6,0,24,12,41,18,74,78,82
Say So,DOJA CAT,2105,2801,10551,BreakoutName19,5,9,14,5,32,36,89,93,107
Say So,DOJA CAT,2105,2801,10551,BreakoutName20,0,7,20,0,40,33,90,90,107
Say So,DOJA CAT,2105,2801,10551,BreakoutName21,2,5,19,6,41,26,84,86,97
Shape Of You,SHEERAN  ED,2999,4046,20776,BreakoutName1,1,11,20,15,32,20,70,71,80
Shape Of You,SHEERAN  ED,2999,4046,20776,BreakoutName2,2,10,10,20,35,22,79,81,90
Shape Of You,SHEERAN  ED,2999,4046,20776,BreakoutName3,0,5,25,15,45,10,68,68,72
Shape Of You,SHEERAN  ED,2999,4046,20776,BreakoutName4,2,13,17,13,31,23,72,74,84
Shape Of You,SHEERAN  ED,2999,4046,20776,BreakoutName5,0,12,21,13,37,17,69,69,78
Shape Of You,SHEERAN  ED,2999,4046,20776,BreakoutName6,4,11,18,18,25,25,71,74,84
Shape Of You,SHEERAN  ED,2999,4046,20776,BreakoutName7,0,13,13,20,37,17,72,72,80
Shape Of You,SHEERAN  ED,2999,4046,20776,BreakoutName8,4,11,18,18,25,25,71,74,84
Shape Of You,SHEERAN  ED,2999,4046,20776,BreakoutName8,2,12,16,19,31,21,72,73,82
Shape Of You,SHEERAN  ED,2999,4046,20776,BreakoutName9,0,12,19,14,37,19,72,72,81
Shape Of You,SHEERAN  ED,2999,4046,20776,BreakoutName10,0,12,32,12,32,12,56,56,62
Shape Of You,SHEERAN  ED,2999,4046,20776,BreakoutName11,0,9,32,5,36,18,66,66,75
Shape Of You,SHEERAN  ED,2999,4046,20776,BreakoutName12,2,9,25,16,31,16,64,65,72
Shape Of You,SHEERAN  ED,2999,4046,20776,BreakoutName13,7,0,13,33,33,13,70,75,77
Shape Of You,SHEERAN  ED,2999,4046,20776,BreakoutName14,2,15,24,11,30,17,62,63,71
Shape Of You,SHEERAN  ED,2999,4046,20776,BreakoutName15,0,12,23,19,35,12,62,62,67
Shape Of You,SHEERAN  ED,2999,4046,20776,BreakoutName16,3,16,26,10,26,19,60,62,69
Shape Of You,SHEERAN  ED,2999,4046,20776,BreakoutName17,0,13,23,23,33,7,55,55,58
Shape Of You,SHEERAN  ED,2999,4046,20776,BreakoutName18,0,12,18,29,35,6,59,59,62
Shape Of You,SHEERAN  ED,2999,4046,20776,BreakoutName19,5,5,9,14,45,23,86,90,98
Shape Of You,SHEERAN  ED,2999,4046,20776,BreakoutName20,7,13,27,13,13,27,60,64,73
Shape Of You,SHEERAN  ED,2999,4046,20776,BreakoutName21,1,11,20,15,32,20,70,71,80
Stay,THE KID LAROI & JUST,676,936,2633,BreakoutName1,5,12,19,9,24,31,75,79,91
Stay,THE KID LAROI & JUST,676,936,2633,BreakoutName2,2,15,15,10,22,35,80,82,98
Stay,THE KID LAROI & JUST,676,936,2633,BreakoutName3,0,20,25,5,35,15,60,60,68
Stay,THE KID LAROI & JUST,676,936,2633,BreakoutName4,8,12,15,8,23,35,79,85,96
Stay,THE KID LAROI & JUST,676,936,2633,BreakoutName5,4,12,19,4,25,37,82,85,100
Stay,THE KID LAROI & JUST,676,936,2633,BreakoutName6,7,14,18,18,21,21,62,67,73
Stay,THE KID LAROI & JUST,676,936,2633,BreakoutName7,3,13,17,3,23,40,85,88,105
Stay,THE KID LAROI & JUST,676,936,2633,BreakoutName8,7,14,18,18,21,21,62,67,73
Stay,THE KID LAROI & JUST,676,936,2633,BreakoutName8,5,14,17,10,22,31,74,78,90
Stay,THE KID LAROI & JUST,676,936,2633,BreakoutName9,5,14,19,5,23,35,78,82,95
Stay,THE KID LAROI & JUST,676,936,2633,BreakoutName10,0,8,28,8,28,28,74,74,88
Stay,THE KID LAROI & JUST,676,936,2633,BreakoutName11,5,9,23,5,27,32,77,81,93
Stay,THE KID LAROI & JUST,676,936,2633,BreakoutName12,5,9,24,9,27,25,70,74,83
Stay,THE KID LAROI & JUST,676,936,2633,BreakoutName13,0,7,27,13,33,20,70,70,80
Stay,THE KID LAROI & JUST,676,936,2633,BreakoutName14,4,9,28,9,15,35,72,75,89
Stay,THE KID LAROI & JUST,676,936,2633,BreakoutName15,4,4,19,12,19,42,88,92,110
Stay,THE KID LAROI & JUST,676,936,2633,BreakoutName16,0,13,32,10,16,29,65,65,79
Stay,THE KID LAROI & JUST,676,936,2633,BreakoutName17,3,13,23,10,23,27,68,71,82
Stay,THE KID LAROI & JUST,676,936,2633,BreakoutName18,6,18,24,12,12,29,62,66,76
Stay,THE KID LAROI & JUST,676,936,2633,BreakoutName19,5,18,18,18,27,14,57,60,64
Stay,THE KID LAROI & JUST,676,936,2633,BreakoutName20,0,0,20,13,27,40,93,93,113
Stay,THE KID LAROI & JUST,676,936,2633,BreakoutName21,5,12,19,9,24,31,75,79,91
Take My Breath,THE WEEKND,233,319,819,BreakoutName1,28,12,9,16,29,6,46,64,49
Take My Breath,THE WEEKND,233,319,819,BreakoutName2,30,10,8,10,38,5,50,71,52
Take My Breath,THE WEEKND,233,319,819,BreakoutName3,35,15,5,10,30,5,42,65,45
Take My Breath,THE WEEKND,233,319,819,BreakoutName4,27,10,10,17,29,8,49,67,53
Take My Breath,THE WEEKND,233,319,819,BreakoutName5,35,15,10,12,27,2,36,54,37
Take My Breath,THE WEEKND,233,319,819,BreakoutName6,14,7,7,25,32,14,66,77,73
Take My Breath,THE WEEKND,233,319,819,BreakoutName7,37,13,3,13,30,3,42,66,43
Take My Breath,THE WEEKND,233,319,819,BreakoutName8,14,7,7,25,32,14,66,77,73
Take My Breath,THE WEEKND,233,319,819,BreakoutName8,26,10,5,19,31,9,53,72,58
Take My Breath,THE WEEKND,233,319,819,BreakoutName9,40,12,9,12,26,2,35,58,36
Take My Breath,THE WEEKND,233,319,819,BreakoutName10,24,16,8,20,24,8,46,61,50
Take My Breath,THE WEEKND,233,319,819,BreakoutName11,32,18,18,9,23,0,27,40,27
Take My Breath,THE WEEKND,233,319,819,BreakoutName12,27,16,9,16,24,7,43,59,46
Take My Breath,THE WEEKND,233,319,819,BreakoutName13,33,20,7,0,33,7,43,65,47
Take My Breath,THE WEEKND,233,319,819,BreakoutName14,35,15,7,15,26,2,37,57,38
Take My Breath,THE WEEKND,233,319,819,BreakoutName15,27,15,12,27,15,4,35,47,37
Take My Breath,THE WEEKND,233,319,819,BreakoutName16,29,19,3,13,32,3,44,61,45
Take My Breath,THE WEEKND,233,319,819,BreakoutName17,27,23,7,13,27,3,38,52,40
Take My Breath,THE WEEKND,233,319,819,BreakoutName18,35,18,6,6,29,6,41,64,44
Take My Breath,THE WEEKND,233,319,819,BreakoutName19,32,5,14,9,36,5,48,70,50
Take My Breath,THE WEEKND,233,319,819,BreakoutName20,20,27,0,13,33,7,50,62,53
Take My Breath,THE WEEKND,233,319,819,BreakoutName21,28,12,9,16,29,6,46,64,49
traitor,RODRIGO  OLIVIA,385,608,1052,BreakoutName1,8,5,12,15,38,22,79,85,90
traitor,RODRIGO  OLIVIA,385,608,1052,BreakoutName2,8,2,12,18,32,28,82,89,96
traitor,RODRIGO  OLIVIA,385,608,1052,BreakoutName3,5,0,5,15,50,25,95,100,108
traitor,RODRIGO  OLIVIA,385,608,1052,BreakoutName4,10,6,12,15,35,23,77,85,88
traitor,RODRIGO  OLIVIA,385,608,1052,BreakoutName5,6,4,13,10,38,29,87,92,101
traitor,RODRIGO  OLIVIA,385,608,1052,BreakoutName6,11,7,11,25,36,11,64,72,70
traitor,RODRIGO  OLIVIA,385,608,1052,BreakoutName7,7,7,10,13,27,37,88,95,107
traitor,RODRIGO  OLIVIA,385,608,1052,BreakoutName8,11,7,11,25,36,11,64,72,70
traitor,RODRIGO  OLIVIA,385,608,1052,BreakoutName8,9,7,10,19,31,24,77,84,89
traitor,RODRIGO  OLIVIA,385,608,1052,BreakoutName9,7,5,9,12,33,35,91,98,108
traitor,RODRIGO  OLIVIA,385,608,1052,BreakoutName10,8,12,12,12,44,12,68,74,74
traitor,RODRIGO  OLIVIA,385,608,1052,BreakoutName11,5,0,18,5,55,18,84,88,93
traitor,RODRIGO  OLIVIA,385,608,1052,BreakoutName12,7,5,11,15,42,20,79,85,89
traitor,RODRIGO  OLIVIA,385,608,1052,BreakoutName13,7,0,7,20,40,27,90,96,103
traitor,RODRIGO  OLIVIA,385,608,1052,BreakoutName14,4,9,15,13,39,20,75,78,85
traitor,RODRIGO  OLIVIA,385,608,1052,BreakoutName15,4,8,15,15,42,15,73,76,81
traitor,RODRIGO  OLIVIA,385,608,1052,BreakoutName16,3,6,16,13,45,16,76,78,84
traitor,RODRIGO  OLIVIA,385,608,1052,BreakoutName17,3,7,10,10,47,23,87,90,98
traitor,RODRIGO  OLIVIA,385,608,1052,BreakoutName18,0,0,12,12,41,35,100,100,118
traitor,RODRIGO  OLIVIA,385,608,1052,BreakoutName19,9,0,14,23,36,18,75,82,84
traitor,RODRIGO  OLIVIA,385,608,1052,BreakoutName20,13,0,7,20,33,27,83,96,97
traitor,RODRIGO  OLIVIA,385,608,1052,BreakoutName21,8,5,12,15,38,22,79,85,90
Watermelon Sugar,STYLES  HARRY,2091,2789,7869,BreakoutName1,1,9,34,12,22,21,61,61,71
Watermelon Sugar,STYLES  HARRY,2091,2789,7869,BreakoutName2,0,2,40,12,22,22,62,62,74
Watermelon Sugar,STYLES  HARRY,2091,2789,7869,BreakoutName3,0,10,30,20,20,20,60,60,70
Watermelon Sugar,STYLES  HARRY,2091,2789,7869,BreakoutName4,2,8,38,10,19,23,59,60,70
Watermelon Sugar,STYLES  HARRY,2091,2789,7869,BreakoutName5,2,8,38,12,17,23,58,59,69
Watermelon Sugar,STYLES  HARRY,2091,2789,7869,BreakoutName6,0,11,25,14,32,18,66,66,75
Watermelon Sugar,STYLES  HARRY,2091,2789,7869,BreakoutName7,3,7,37,13,17,23,58,60,70
Watermelon Sugar,STYLES  HARRY,2091,2789,7869,BreakoutName8,0,11,25,14,32,18,66,66,75
Watermelon Sugar,STYLES  HARRY,2091,2789,7869,BreakoutName8,2,9,31,14,24,21,62,63,72
Watermelon Sugar,STYLES  HARRY,2091,2789,7869,BreakoutName9,2,9,35,12,16,26,60,62,73
Watermelon Sugar,STYLES  HARRY,2091,2789,7869,BreakoutName10,0,16,36,16,24,8,44,44,48
Watermelon Sugar,STYLES  HARRY,2091,2789,7869,BreakoutName11,0,9,41,9,18,23,57,57,68
Watermelon Sugar,STYLES  HARRY,2091,2789,7869,BreakoutName12,2,11,35,13,24,16,55,56,63
Watermelon Sugar,STYLES  HARRY,2091,2789,7869,BreakoutName13,0,0,53,13,27,7,43,43,47
Watermelon Sugar,STYLES  HARRY,2091,2789,7869,BreakoutName14,0,7,41,9,20,24,60,60,72
Watermelon Sugar,STYLES  HARRY,2091,2789,7869,BreakoutName15,0,8,46,8,12,27,56,56,69
Watermelon Sugar,STYLES  HARRY,2091,2789,7869,BreakoutName16,0,3,39,13,23,23,63,63,74
Watermelon Sugar,STYLES  HARRY,2091,2789,7869,BreakoutName17,0,10,47,17,17,10,40,40,45
Watermelon Sugar,STYLES  HARRY,2091,2789,7869,BreakoutName18,0,0,59,18,12,12,38,38,44
Watermelon Sugar,STYLES  HARRY,2091,2789,7869,BreakoutName19,0,5,32,23,18,23,64,64,75
Watermelon Sugar,STYLES  HARRY,2091,2789,7869,BreakoutName20,0,7,40,7,27,20,60,60,70
Watermelon Sugar,STYLES  HARRY,2091,2789,7869,BreakoutName21,1,9,34,12,22,21,61,61,71
When The Party's Over,EILISH  BILLIE,2752,3987,4718,BreakoutName1,0,18,19,18,18,29,69,69,84
When The Party's Over,EILISH  BILLIE,2752,3987,4718,BreakoutName2,0,8,28,20,18,28,69,69,82
When The Party's Over,EILISH  BILLIE,2752,3987,4718,BreakoutName3,0,5,25,25,15,30,72,72,88
When The Party's Over,EILISH  BILLIE,2752,3987,4718,BreakoutName4,0,19,17,13,19,31,72,72,88
When The Party's Over,EILISH  BILLIE,2752,3987,4718,BreakoutName5,0,15,21,13,17,33,73,73,89
When The Party's Over,EILISH  BILLIE,2752,3987,4718,BreakoutName6,0,21,14,25,18,21,62,62,73
When The Party's Over,EILISH  BILLIE,2752,3987,4718,BreakoutName7,0,20,10,13,13,43,85,85,107
When The Party's Over,EILISH  BILLIE,2752,3987,4718,BreakoutName8,0,21,14,25,18,21,62,62,73
When The Party's Over,EILISH  BILLIE,2752,3987,4718,BreakoutName8,0,21,12,19,16,33,74,74,91
When The Party's Over,EILISH  BILLIE,2752,3987,4718,BreakoutName9,0,16,19,12,14,40,79,79,99
When The Party's Over,EILISH  BILLIE,2752,3987,4718,BreakoutName10,0,28,12,12,20,28,68,68,82
When The Party's Over,EILISH  BILLIE,2752,3987,4718,BreakoutName11,0,9,36,14,23,18,57,57,66
When The Party's Over,EILISH  BILLIE,2752,3987,4718,BreakoutName12,0,22,18,16,18,25,65,65,77
When The Party's Over,EILISH  BILLIE,2752,3987,4718,BreakoutName13,0,7,40,20,20,13,50,50,57
When The Party's Over,EILISH  BILLIE,2752,3987,4718,BreakoutName14,0,20,24,17,13,26,61,61,74
When The Party's Over,EILISH  BILLIE,2752,3987,4718,BreakoutName15,0,15,23,23,15,23,62,62,73
When The Party's Over,EILISH  BILLIE,2752,3987,4718,BreakoutName16,0,16,26,19,10,29,63,63,77
When The Party's Over,EILISH  BILLIE,2752,3987,4718,BreakoutName17,0,20,33,20,17,10,42,42,47
When The Party's Over,EILISH  BILLIE,2752,3987,4718,BreakoutName18,0,6,41,24,18,12,47,47,53
When The Party's Over,EILISH  BILLIE,2752,3987,4718,BreakoutName19,0,14,14,14,27,32,82,82,98
When The Party's Over,EILISH  BILLIE,2752,3987,4718,BreakoutName20,0,0,20,27,20,33,83,83,100
When The Party's Over,EILISH  BILLIE,2752,3987,4718,BreakoutName21,0,18,19,18,18,29,69,69,84
You Right f/The Weeknd,DOJA CAT,522,789,2676,BreakoutName1,20,6,14,10,28,22,66,83,78
You Right f/The Weeknd,DOJA CAT,522,789,2676,BreakoutName2,18,10,8,10,25,30,75,91,90
You Right f/The Weeknd,DOJA CAT,522,789,2676,BreakoutName3,20,0,10,10,35,25,78,97,90
You Right f/The Weeknd,DOJA CAT,522,789,2676,BreakoutName4,23,10,13,10,23,21,60,78,70
You Right f/The Weeknd,DOJA CAT,522,789,2676,BreakoutName5,17,6,13,13,25,25,69,84,82
You Right f/The Weeknd,DOJA CAT,522,789,2676,BreakoutName6,25,7,14,4,32,18,61,81,70
You Right f/The Weeknd,DOJA CAT,522,789,2676,BreakoutName7,20,10,13,17,17,23,60,75,72
You Right f/The Weeknd,DOJA CAT,522,789,2676,BreakoutName8,25,7,14,4,32,18,61,81,70
You Right f/The Weeknd,DOJA CAT,522,789,2676,BreakoutName8,22,9,14,10,24,21,60,78,71
You Right f/The Weeknd,DOJA CAT,522,789,2676,BreakoutName9,19,7,9,12,28,26,72,89,85
You Right f/The Weeknd,DOJA CAT,522,789,2676,BreakoutName10,28,4,24,12,24,8,42,58,46
You Right f/The Weeknd,DOJA CAT,522,789,2676,BreakoutName11,14,0,14,9,36,27,82,95,95
You Right f/The Weeknd,DOJA CAT,522,789,2676,BreakoutName12,20,4,15,9,29,24,69,86,81
You Right f/The Weeknd,DOJA CAT,522,789,2676,BreakoutName13,13,7,0,7,27,47,100,115,123
You Right f/The Weeknd,DOJA CAT,522,789,2676,BreakoutName14,24,7,15,11,24,20,59,77,68
You Right f/The Weeknd,DOJA CAT,522,789,2676,BreakoutName15,27,8,23,12,15,15,44,61,52
You Right f/The Weeknd,DOJA CAT,522,789,2676,BreakoutName16,23,3,10,10,26,29,74,96,89
You Right f/The Weeknd,DOJA CAT,522,789,2676,BreakoutName17,17,3,17,7,30,27,73,88,87
You Right f/The Weeknd,DOJA CAT,522,789,2676,BreakoutName18,24,6,6,6,18,41,82,108,103
You Right f/The Weeknd,DOJA CAT,522,789,2676,BreakoutName19,9,14,18,0,32,27,73,80,86
You Right f/The Weeknd,DOJA CAT,522,789,2676,BreakoutName20,20,7,7,20,20,27,70,88,83
You Right f/The Weeknd,DOJA CAT,522,789,2676,BreakoutName21,20,6,14,10,28,22,66,83,78
